INSERT INTO user (user_id, family_id, password, share_goal) VALUES
('ren0712', 'sato0611', '091104bacaf01b65fa1b396a4101ae1d89fbce5576e8cbf2814f1dff858c6e43', 0.4), 
('himari0105', 'sato0611', 'd1d99badc70b07b32bbaa7ffd85f8730e611d1c3ca501955ea55673a9c1cc875', 0.6), 
('kenta0405', 'saku0718', 'd55542008a78911d302822d6feb10654f9a9df2fb35dcf46e0b5762ed10c9702', 0), 
('hina0303', 'saku0718', '324c888a1ff00c6cfa0bd89ba0535d3dba2bcdf4c3a076f0a102823375945d6a', 0), 
('dojouser1', 'plus2025', '5d1a82dba8cefa593f1f9ad97bf98050816e147543ce31f3ca5b15ac3905ca14', 0), 
('dojouser2', 'plus2025', '5d1a82dba8cefa593f1f9ad97bf98050816e147543ce31f3ca5b15ac3905ca14', 0), 
('dojouser3', 'plus2025', '5d1a82dba8cefa593f1f9ad97bf98050816e147543ce31f3ca5b15ac3905ca14', 0), 
('dojouser4', 'plus2025', '5d1a82dba8cefa593f1f9ad97bf98050816e147543ce31f3ca5b15ac3905ca14', 0), 
('dojouser5', 'se2025', '5d1a82dba8cefa593f1f9ad97bf98050816e147543ce31f3ca5b15ac3905ca14', 0), 
('dojouser6', 'se2025', '5d1a82dba8cefa593f1f9ad97bf98050816e147543ce31f3ca5b15ac3905ca14', 0);


INSERT INTO family (family_id, fami_pass) VALUES
('sato0611', '07A24D43A935FCFC4E0BB850314984299F1C0DA102ECB1EE41F7947268DEE3CF'), 
('saku0718', 'B0E7F59B7E661D94032B42D7932F3B02EEAA93AF1656C4F2071C250416CB3EFD'), 
('plus2025', 'eb794b9b748e503151776989032839771769b4e904ffa9b522566c4d4ca60adb'), 
('se2025', 'eb794b9b748e503151776989032839771769b4e904ffa9b522566c4d4ca60adb');


INSERT INTO housework (housework_id, housework_name, family_id, category_id, housework_level, noti_flag, noti_time, frequency, manual, fixed_role, variable_role, log) VALUES
(1, '朝の洗濯', 'sato0611', 2, 2, 1, '06:30:00', '0', '朝の洗濯は、仕分けから！色物・白物、デリケートな衣類を分けましょう。洗濯機に入れたら、洗剤を適量投入しスタート。終了後は、すぐに干すことでシワやニオイを防ぎ、風通し良く干して効率的に乾かしましょう。', 'himari0105', NULL, 0), 
(2, '夜の洗濯', 'sato0611', 2, 2, 0, NULL, '0', NULL, NULL, NULL, 0), 
(3, '朝ごはん調理', 'sato0611', 3, 3, 0, NULL, '0', NULL, NULL, NULL, 0), 
(4, '夜ごはん調理', 'sato0611', 3, 4, 1, '18:00:00', '0', NULL, NULL, NULL, 0), 
(5, 'リビング掃除', 'sato0611', 1, 2, 0, NULL, '7', NULL, NULL, NULL, 0), 
(6, 'お風呂掃除', 'sato0611', 1, 3, 0, NULL, '6', 'お風呂掃除は、まず換気をしっかり行いましょう。次に、上から下へ順に掃除するのがポイント。天井や壁から始め、次に浴槽、最後に床を磨きます。カビや水垢には専用洗剤を使い、最後にシャワーで流して乾燥させましょう。', NULL, NULL, 0), 
(7, 'トイレ掃除', 'sato0611', 1, 3, 0, NULL, '6', NULL, NULL, NULL, 0), 
(8, '燃えるごみ', 'sato0611', 4, 2, 1, '07:30:00', '2', NULL, 'ren0712', NULL, 0), 
(9, 'ペットボトルごみ', 'sato0611', 4, 1, 1, '07:30:00', '4', NULL, 'ren0712', NULL, 0), 
(10, '夜ごはん買い出し', 'saku0718', 3, 2, 1, NULL, '0', NULL, NULL, NULL, 0), 
(11, '夜お皿洗い', 'saku0718', 3, 3, 1, '20:00:00', '0', '残飯処理: 食べ残しは捨てる。予洗い: 軽い汚れは水で流す。油汚れは拭き取る。洗剤とスポンジ: スポンジに洗剤をつけ、よく泡立てる。洗う順番: グラス、カトラリー、小皿、大皿、油物の順に洗う。すすぎ: 洗剤が残らないよう、流水でしっかりすすぐ。水切り: 水切りかごで自然乾燥させるか、清潔な布で拭く。', NULL, NULL, 0), 
(12, '燃えるごみ', 'saku0718', 1, 1, 1, '07:00:00', '''2,5''', NULL, 'kenta0405', NULL, 0), 
(13, '洗濯', 'saku0718', 2, 2, 1, '21:00:00', '''1,3,5,7''', NULL, NULL, NULL, 0), 
(14, '夜ごはん料理', 'saku0718', 3, 3, 0, NULL, '0', NULL, NULL, NULL, 0), 
(15, 'エアコン掃除', 'saku0718', 1, 4, 0, NULL, '8', NULL, NULL, NULL, 0), 
(16, '洗濯干し', 'plus2025', 2, 2, 0, NULL, '''2,4,6''', '洗濯干し：洗濯物を振ってシワを伸ばし、風通しの良い場所に均等に干す。', NULL, NULL, 0), 
(17, '猫の朝ごはん', 'plus2025', 4, 1, 1, '07:00:00', '0', '決まった時間に適量のフードを与え、水を交換する。', NULL, NULL, 0), 
(18, '猫の夜ご飯', 'plus2025', 4, 1, 1, '19:00:00', '0', NULL, NULL, NULL, 0), 
(19, '窓ふき', 'plus2025', 1, 2, 0, NULL, '5', 'ホコリを取り、洗剤をスプレーし、布で拭き取る。', 'dojouser3', NULL, 0), 
(20, 'トイレ掃除', 'plus2025', 1, 3, 0, NULL, '3', NULL, NULL, NULL, 0), 
(21, '洗濯取り込み', 'plus2025', 2, 2, 0, NULL, '''2,4,6''', NULL, 'dojouser2', NULL, 0), 
(22, '夜ご飯調理', 'plus2025', 3, 4, 1, '18:30:00', '0', NULL, NULL, NULL, 0), 
(23, '夜ご飯作る', 'se2025', 3, 3, 0, NULL, '0', '献立を決め、食材の準備と調理をして盛り付ける。', NULL, NULL, 0), 
(24, '食器洗い', 'se2025', 1, 3, 1, '20:00:00', '0', NULL, NULL, NULL, 0), 
(25, '玄関掃除', 'se2025', 1, 2, 0, NULL, '6', '靴を整理し、ほうきと雑巾で床を掃除する。', NULL, NULL, 0), 
(26, '布団干し', 'se2025', 2, 4, 0, NULL, '8', NULL, NULL, NULL, 0), 
(27, '食材買い出し', 'se2025', 3, 2, 1, '18:00:00', '0', NULL, NULL, NULL, 0), 
(28, '郵便物整理', 'se2025', 4, 2, 0, NULL, '1', NULL, 'dojouser6', NULL, 0), 
(29, '公共料金支払い', 'se2025', 4, 1, 1, '18:00:00', '8', NULL, 'dojouser5', NULL, 0), 
(30, 'キッチン掃除', 'se2025', 1, 3, 0, NULL, '6', NULL, NULL, NULL, 0), 
(31, 'トイレ掃除', 'plus2025', 1, 3, 1, '07:00:00', '1', '便器・床・ドアを中性洗剤で拭き掃除。消臭スプレーも忘れずに。', NULL, NULL, 0), 
(32, 'ごみ出し（月曜）', 'se2025', 1, 2, 1, '06:45:00', '2', '可燃ごみを指定袋にまとめて、玄関に準備しておく。', NULL, NULL, 0), 
(33, '朝の洗濯', 'plus2025', 2, 2, 1, '06:30:00', '0', '色物・白物を分け、洗剤投入。終了後すぐ干す。', NULL, NULL, 0), 
(34, '布団干し', 'se2025', 2, 4, 0, NULL, '7', '晴れた日にベランダで片面2時間ずつ干す。', NULL, NULL, 0), 
(35, '夕食準備', 'plus2025', 3, 3, 1, '17:30:00', '0', '主菜と副菜を用意、食材をバランス良く使う。', NULL, NULL, 0), 
(36, '食器洗い', 'se2025', 3, 2, 0, NULL, '0', '食後30分以内に洗浄、水切りラックに置く。', NULL, NULL, 0), 
(37, '掃除機かけ', 'plus2025', 1, 3, 1, '08:15:00', '3', 'リビング→廊下→寝室の順で丁寧に。', NULL, NULL, 0), 
(38, 'キッチン排水口掃除', 'se2025', 1, 4, 0, NULL, '6', 'ゴミ受けを外してスポンジ・重曹で洗浄。', NULL, NULL, 0), 
(39, 'アイロンがけ', 'plus2025', 2, 5, 1, '10:00:00', '8', 'シャツ類をスチームアイロンで丁寧に仕上げる。', NULL, NULL, 0), 
(40, '雑巾がけ', 'se2025', 1, 3, 0, NULL, '0', '床全体を固く絞った雑巾で水拭き。', NULL, NULL, 0), 
(41, '生ゴミ処理', 'plus2025', 1, 2, 1, '06:40:00', '1', 'バケツ内の生ゴミを水切りし袋にまとめる。', NULL, NULL, 0), 
(42, '風呂掃除', 'se2025', 1, 3, 1, '09:00:00', '4', '湯垢、カビ、排水口をブラシと洗剤で落とす。', NULL, NULL, 0), 
(43, '米とぎ', 'plus2025', 3, 1, 1, '06:45:00', '0', '水が透明になるまでやさしく数回とぐ。', NULL, NULL, 0), 
(44, '玄関の掃き掃除', 'se2025', 1, 1, 0, NULL, '5', 'ホウキで砂埃・枯葉を外へ掃く。', NULL, NULL, 0), 
(45, '常備菜づくり', 'plus2025', 3, 4, 0, NULL, '8', '煮物や和え物を多めに作り小分け保存。', NULL, NULL, 0), 
(46, 'シャツの襟汚れ洗い', 'se2025', 2, 5, 1, '06:20:00', '0', '襟・袖に洗剤をつけて手洗い後洗濯機へ。', NULL, NULL, 0), 
(47, 'ベッドシーツ交換', 'plus2025', 2, 2, 0, NULL, '7', '古いシーツを外して洗濯、新しいものを装着。', NULL, NULL, 0), 
(48, '窓拭き', 'se2025', 1, 4, 1, '10:30:00', '8', '内側→外側の順に乾拭き＋水拭き。', NULL, NULL, 0), 
(49, 'お弁当の準備', 'plus2025', 3, 3, 1, '07:00:00', '0', 'ご飯・おかずを冷めてから詰める。彩りも意識。', NULL, NULL, 0), 
(50, '夜の洗濯', 'se2025', 2, 2, 0, NULL, '0', '入浴後に衣類を回収、部屋干し設定で洗濯。', NULL, NULL, 0);


INSERT INTO category (category_id, category_name) VALUES
(1, '掃除'), 
(2, '洗濯'), 
(3, '料理'), 
(4, 'その他');


INSERT INTO notification (noti_id, user_id, noti_datetime, noti_content) VALUES
(1, 'kenta0405', '2024-06-02 0:32:00', 'kenta0405さんが夜ごはん料理を完了しました！'), 
(2, 'dojouser2', '2024-06-02 1:28:47', 'dojouser2さんが夜ご飯調理を完了しました！'), 
(3, 'hina0303', '2024-06-02 1:30:51', 'hina0303さんがエアコン掃除を完了しました！'), 
(4, 'dojouser2', '2024-06-02 23:43:18', 'dojouser2さんがお弁当の準備を完了しました！'), 
(5, 'kenta0405', '2024-06-05 3:41:55', 'kenta0405さんがエアコン掃除を完了しました！'), 
(6, 'dojouser1', '2024-06-05 5:45:19', 'dojouser1さんが洗濯取り込みを完了しました！'), 
(7, 'kenta0405', '2024-06-05 23:45:28', 'kenta0405さんが夜お皿洗いを完了しました！'), 
(8, 'dojouser4', '2024-06-07 5:12:07', 'dojouser4さんが猫の夜ご飯を完了しました！'), 
(9, 'dojouser4', '2024-06-07 15:14:27', 'dojouser4さんがお弁当の準備を完了しました！'), 
(10, 'dojouser6', '2024-06-07 17:30:01', 'dojouser6さんが食器洗いを完了しました！'), 
(11, 'dojouser3', '2024-06-07 19:49:07', 'dojouser3さんが洗濯取り込みを完了しました！'), 
(12, 'dojouser1', '2024-06-08 6:49:43', 'dojouser1さんがトイレ掃除を完了しました！'), 
(13, 'dojouser1', '2024-06-08 10:25:46', 'dojouser1さんがトイレ掃除を完了しました！'), 
(14, 'dojouser1', '2024-06-10 14:52:33', 'dojouser1さんが米とぎを完了しました！'), 
(15, 'dojouser1', '2024-06-11 1:42:45', 'dojouser1さんが生ゴミ処理を完了しました！'), 
(16, 'dojouser2', '2024-06-11 17:10:06', 'dojouser2さんが掃除機かけを完了しました！'), 
(17, 'dojouser4', '2024-06-12 19:42:22', 'dojouser4さんが洗濯干しを完了しました！'), 
(18, 'dojouser6', '2024-06-12 20:20:36', 'dojouser6さんが布団干しを完了しました！'), 
(19, 'himari0105', '2024-06-12 20:23:53', 'himari0105さんがペットボトルごみを完了しました！'), 
(20, 'dojouser5', '2024-06-12 22:43:34', 'dojouser5さんが食器洗いを完了しました！'), 
(21, 'kenta0405', '2024-06-13 11:15:43', 'kenta0405さんが夜お皿洗いを完了しました！'), 
(22, 'dojouser5', '2024-06-14 1:00:26', 'dojouser5さんが食材買い出しを完了しました！'), 
(23, 'dojouser2', '2024-06-14 6:51:36', 'dojouser2さんが夕食準備を完了しました！'), 
(24, 'himari0105', '2024-06-14 8:23:11', 'himari0105さんがお風呂掃除を完了しました！'), 
(25, 'kenta0405', '2024-06-15 2:35:33', 'kenta0405さんが夜ごはん買い出しを完了しました！'), 
(26, 'dojouser1', '2024-06-17 13:50:41', 'dojouser1さんが生ゴミ処理を完了しました！'), 
(27, 'ren0712', '2024-06-17 19:10:44', 'ren0712さんがペットボトルごみを完了しました！'), 
(28, 'hina0303', '2024-06-19 12:56:08', 'hina0303さんが夜ごはん料理を完了しました！'), 
(29, 'dojouser4', '2024-06-19 19:28:14', 'dojouser4さんがアイロンがけを完了しました！'), 
(30, 'dojouser4', '2024-06-20 4:52:18', 'dojouser4さんがアイロンがけを完了しました！'), 
(31, 'dojouser2', '2024-06-20 6:57:00', 'dojouser2さんが常備菜づくりを完了しました！'), 
(32, 'himari0105', '2024-06-20 21:58:47', 'himari0105さんが夜ごはん調理を完了しました！'), 
(33, 'ren0712', '2024-06-21 4:28:37', 'ren0712さんが夜の洗濯を完了しました！'), 
(34, 'dojouser2', '2024-06-21 17:04:57', 'dojouser2さんが朝の洗濯を完了しました！'), 
(35, 'dojouser4', '2024-06-21 20:31:04', 'dojouser4さんが洗濯干しを完了しました！'), 
(36, 'dojouser1', '2024-06-21 22:45:36', 'dojouser1さんが夕食準備を完了しました！'), 
(37, 'dojouser4', '2024-06-25 1:32:22', 'dojouser4さんが掃除機かけを完了しました！'), 
(38, 'kenta0405', '2024-06-25 6:32:55', 'kenta0405さんが夜ごはん買い出しを完了しました！'), 
(39, 'dojouser6', '2024-06-26 12:10:17', 'dojouser6さんが布団干しを完了しました！'), 
(40, 'dojouser4', '2024-06-26 22:31:20', 'dojouser4さんが猫の朝ごはんを完了しました！'), 
(41, 'dojouser4', '2024-06-27 11:37:30', 'dojouser4さんが窓ふきを完了しました！'), 
(42, 'himari0105', '2024-06-28 8:13:16', 'himari0105さんが夜の洗濯を完了しました！'), 
(43, 'dojouser1', '2024-06-28 21:46:59', 'dojouser1さんが掃除機かけを完了しました！'), 
(44, 'dojouser1', '2024-06-29 2:48:03', 'dojouser1さんが夜ご飯調理を完了しました！'), 
(45, 'dojouser1', '2024-06-29 20:35:14', 'dojouser1さんが生ゴミ処理を完了しました！'), 
(46, 'dojouser3', '2024-06-29 21:23:07', 'dojouser3さんが窓ふきを完了しました！'), 
(47, 'hina0303', '2024-06-29 21:59:08', 'hina0303さんがエアコン掃除を完了しました！'), 
(48, 'dojouser4', '2024-06-29 21:59:15', 'dojouser4さんが猫の夜ご飯を完了しました！'), 
(49, 'dojouser6', '2024-06-29 22:20:35', 'dojouser6さんが食器洗いを完了しました！'), 
(50, 'ren0712', '2024-06-30 16:06:44', 'ren0712さんが朝の洗濯を完了しました！'), 
(51, 'dojouser3', '2024-07-01 2:07:15', 'dojouser3さんが朝の洗濯を完了しました！'), 
(52, 'hina0303', '2024-07-01 5:53:31', 'hina0303さんがエアコン掃除を完了しました！'), 
(53, 'dojouser4', '2024-07-01 14:43:07', 'dojouser4さんが生ゴミ処理を完了しました！'), 
(54, 'dojouser2', '2024-07-01 16:42:19', 'dojouser2さんがお弁当の準備を完了しました！'), 
(55, 'kenta0405', '2024-07-02 2:46:57', 'kenta0405さんが洗濯を完了しました！'), 
(56, 'dojouser4', '2024-07-03 7:40:54', 'dojouser4さんが常備菜づくりを完了しました！'), 
(57, 'ren0712', '2024-07-03 22:20:19', 'ren0712さんが夜ごはん調理を完了しました！'), 
(58, 'dojouser4', '2024-07-04 20:32:32', 'dojouser4さんが常備菜づくりを完了しました！'), 
(59, 'dojouser5', '2024-07-05 9:10:25', 'dojouser5さんが布団干しを完了しました！'), 
(60, 'dojouser1', '2024-07-06 2:07:37', 'dojouser1さんがアイロンがけを完了しました！'), 
(61, 'ren0712', '2024-07-06 6:00:59', 'ren0712さんがペットボトルごみを完了しました！'), 
(62, 'ren0712', '2024-07-06 11:24:13', 'ren0712さんがトイレ掃除を完了しました！'), 
(63, 'dojouser4', '2024-07-07 9:39:16', 'dojouser4さんが生ゴミ処理を完了しました！'), 
(64, 'hina0303', '2024-07-07 15:51:04', 'hina0303さんがエアコン掃除を完了しました！'), 
(65, 'hina0303', '2024-07-08 12:03:33', 'hina0303さんが洗濯を完了しました！'), 
(66, 'hina0303', '2024-07-08 18:48:40', 'hina0303さんがエアコン掃除を完了しました！'), 
(67, 'dojouser1', '2024-07-09 12:14:25', 'dojouser1さんが夜ご飯調理を完了しました！'), 
(68, 'himari0105', '2024-07-09 16:20:23', 'himari0105さんが朝ごはん調理を完了しました！'), 
(69, 'dojouser5', '2024-07-09 21:44:34', 'dojouser5さんが食器洗いを完了しました！'), 
(70, 'dojouser4', '2024-07-10 1:20:34', 'dojouser4さんが猫の朝ごはんを完了しました！'), 
(71, 'dojouser5', '2024-07-10 2:49:20', 'dojouser5さんが郵便物整理を完了しました！'), 
(72, 'dojouser1', '2024-07-10 19:31:02', 'dojouser1さんが猫の夜ご飯を完了しました！'), 
(73, 'kenta0405', '2024-07-11 9:20:27', 'kenta0405さんがエアコン掃除を完了しました！'), 
(74, 'himari0105', '2024-07-11 10:20:59', 'himari0105さんがリビング掃除を完了しました！'), 
(75, 'ren0712', '2024-07-11 19:59:10', 'ren0712さんが夜の洗濯を完了しました！'), 
(76, 'dojouser4', '2024-07-15 7:34:49', 'dojouser4さんがお弁当の準備を完了しました！'), 
(77, 'dojouser4', '2024-07-16 8:31:40', 'dojouser4さんが洗濯干しを完了しました！'), 
(78, 'dojouser3', '2024-07-16 23:00:05', 'dojouser3さんが窓ふきを完了しました！'), 
(79, 'dojouser2', '2024-07-18 4:49:38', 'dojouser2さんが米とぎを完了しました！'), 
(80, 'kenta0405', '2024-07-18 6:12:35', 'kenta0405さんがエアコン掃除を完了しました！'), 
(81, 'dojouser6', '2024-07-18 9:54:21', 'dojouser6さんが風呂掃除を完了しました！'), 
(82, 'dojouser6', '2024-07-18 12:02:16', 'dojouser6さんがシャツの襟汚れ洗いを完了しました！'), 
(83, 'himari0105', '2024-07-18 20:26:03', 'himari0105さんが朝ごはん調理を完了しました！'), 
(84, 'hina0303', '2024-07-19 10:36:49', 'hina0303さんが燃えるごみを完了しました！'), 
(85, 'dojouser6', '2024-07-19 12:58:19', 'dojouser6さんが郵便物整理を完了しました！'), 
(86, 'dojouser3', '2024-07-19 13:59:15', 'dojouser3さんが猫の朝ごはんを完了しました！'), 
(87, 'kenta0405', '2024-07-20 13:27:17', 'kenta0405さんが夜ごはん料理を完了しました！'), 
(88, 'ren0712', '2024-07-20 23:21:40', 'ren0712さんが燃えるごみを完了しました！'), 
(89, 'himari0105', '2024-07-23 12:50:53', 'himari0105さんが燃えるごみを完了しました！'), 
(90, 'dojouser6', '2024-07-23 17:11:56', 'dojouser6さんがキッチン掃除を完了しました！'), 
(91, 'kenta0405', '2024-07-23 22:08:29', 'kenta0405さんが洗濯を完了しました！'), 
(92, 'dojouser4', '2024-07-23 22:10:59', 'dojouser4さんが生ゴミ処理を完了しました！'), 
(93, 'dojouser6', '2024-07-25 12:50:01', 'dojouser6さんが夜の洗濯を完了しました！'), 
(94, 'himari0105', '2024-07-25 14:32:58', 'himari0105さんがリビング掃除を完了しました！'), 
(95, 'dojouser6', '2024-07-26 7:26:18', 'dojouser6さんがキッチン排水口掃除を完了しました！'), 
(96, 'himari0105', '2024-07-26 8:20:49', 'himari0105さんが夜ごはん調理を完了しました！'), 
(97, 'ren0712', '2024-07-27 10:32:08', 'ren0712さんがリビング掃除を完了しました！'), 
(98, 'hina0303', '2024-07-27 17:32:07', 'hina0303さんが燃えるごみを完了しました！'), 
(99, 'dojouser3', '2024-07-27 18:56:05', 'dojouser3さんがトイレ掃除を完了しました！'), 
(100, 'himari0105', '2024-07-28 3:53:12', 'himari0105さんが朝の洗濯を完了しました！'), 
(101, 'dojouser3', '2024-07-28 8:42:08', 'dojouser3さんがトイレ掃除を完了しました！'), 
(102, 'ren0712', '2024-07-28 14:15:03', 'ren0712さんが夜ごはん調理を完了しました！'), 
(103, 'dojouser5', '2024-07-28 20:02:33', 'dojouser5さんがキッチン掃除を完了しました！'), 
(104, 'himari0105', '2024-07-30 1:10:42', 'himari0105さんが燃えるごみを完了しました！'), 
(105, 'dojouser3', '2024-07-31 8:51:33', 'dojouser3さんが猫の夜ご飯を完了しました！'), 
(106, 'ren0712', '2024-07-31 11:55:39', 'ren0712さんが朝の洗濯を完了しました！'), 
(107, 'ren0712', '2024-07-31 14:43:44', 'ren0712さんが燃えるごみを完了しました！'), 
(108, 'dojouser5', '2024-08-01 0:06:06', 'dojouser5さんが雑巾がけを完了しました！'), 
(109, 'dojouser3', '2024-08-01 10:34:45', 'dojouser3さんがベッドシーツ交換を完了しました！'), 
(110, 'dojouser3', '2024-08-02 1:55:30', 'dojouser3さんが洗濯取り込みを完了しました！'), 
(111, 'dojouser6', '2024-08-02 16:12:19', 'dojouser6さんがキッチン排水口掃除を完了しました！'), 
(112, 'dojouser2', '2024-08-03 3:41:40', 'dojouser2さんがアイロンがけを完了しました！'), 
(113, 'dojouser5', '2024-08-03 3:59:54', 'dojouser5さんがキッチン排水口掃除を完了しました！'), 
(114, 'dojouser4', '2024-08-03 15:33:26', 'dojouser4さんが常備菜づくりを完了しました！'), 
(115, 'hina0303', '2024-08-03 18:14:39', 'hina0303さんが夜ごはん料理を完了しました！'), 
(116, 'himari0105', '2024-08-05 20:21:52', 'himari0105さんがペットボトルごみを完了しました！'), 
(117, 'kenta0405', '2024-08-06 7:21:34', 'kenta0405さんが燃えるごみを完了しました！'), 
(118, 'dojouser2', '2024-08-07 2:54:39', 'dojouser2さんが米とぎを完了しました！'), 
(119, 'himari0105', '2024-08-08 22:37:03', 'himari0105さんが朝の洗濯を完了しました！'), 
(120, 'himari0105', '2024-08-09 13:29:54', 'himari0105さんが夜ごはん調理を完了しました！'), 
(121, 'kenta0405', '2024-08-09 21:57:11', 'kenta0405さんがエアコン掃除を完了しました！'), 
(122, 'himari0105', '2024-08-09 22:00:10', 'himari0105さんが燃えるごみを完了しました！'), 
(123, 'dojouser1', '2024-08-10 14:20:23', 'dojouser1さんが窓ふきを完了しました！'), 
(124, 'ren0712', '2024-08-10 19:40:01', 'ren0712さんがペットボトルごみを完了しました！'), 
(125, 'dojouser3', '2024-08-11 2:29:31', 'dojouser3さんが朝の洗濯を完了しました！'), 
(126, 'dojouser1', '2024-08-11 4:35:19', 'dojouser1さんが朝の洗濯を完了しました！'), 
(127, 'dojouser1', '2024-08-12 9:03:04', 'dojouser1さんが猫の朝ごはんを完了しました！'), 
(128, 'dojouser4', '2024-08-12 18:12:05', 'dojouser4さんがアイロンがけを完了しました！'), 
(129, 'dojouser3', '2024-08-12 18:27:02', 'dojouser3さんが猫の朝ごはんを完了しました！'), 
(130, 'dojouser1', '2024-08-14 10:53:31', 'dojouser1さんが朝の洗濯を完了しました！'), 
(131, 'dojouser1', '2024-08-15 7:49:58', 'dojouser1さんが夜ご飯調理を完了しました！'), 
(132, 'kenta0405', '2024-08-15 11:39:18', 'kenta0405さんが夜ごはん料理を完了しました！'), 
(133, 'dojouser1', '2024-08-15 13:31:51', 'dojouser1さんがベッドシーツ交換を完了しました！'), 
(134, 'dojouser1', '2024-08-16 8:33:34', 'dojouser1さんが夕食準備を完了しました！'), 
(135, 'hina0303', '2024-08-17 15:22:22', 'hina0303さんが夜お皿洗いを完了しました！'), 
(136, 'himari0105', '2024-08-17 15:38:03', 'himari0105さんが燃えるごみを完了しました！'), 
(137, 'ren0712', '2024-08-19 3:03:21', 'ren0712さんがリビング掃除を完了しました！'), 
(138, 'dojouser4', '2024-08-19 19:56:14', 'dojouser4さんがトイレ掃除を完了しました！'), 
(139, 'hina0303', '2024-08-20 10:52:43', 'hina0303さんが洗濯を完了しました！'), 
(140, 'dojouser3', '2024-08-20 15:39:01', 'dojouser3さんがアイロンがけを完了しました！'), 
(141, 'himari0105', '2024-08-20 21:22:37', 'himari0105さんが燃えるごみを完了しました！'), 
(142, 'ren0712', '2024-08-21 1:32:32', 'ren0712さんがトイレ掃除を完了しました！'), 
(143, 'dojouser4', '2024-08-21 13:21:03', 'dojouser4さんが洗濯干しを完了しました！'), 
(144, 'dojouser1', '2024-08-22 0:17:27', 'dojouser1さんがベッドシーツ交換を完了しました！'), 
(145, 'himari0105', '2024-08-22 3:17:31', 'himari0105さんが朝の洗濯を完了しました！'), 
(146, 'kenta0405', '2024-08-22 18:19:42', 'kenta0405さんが洗濯を完了しました！'), 
(147, 'ren0712', '2024-08-23 0:03:02', 'ren0712さんがお風呂掃除を完了しました！'), 
(148, 'kenta0405', '2024-08-23 23:10:59', 'kenta0405さんが夜ごはん料理を完了しました！'), 
(149, 'himari0105', '2024-08-24 0:20:12', 'himari0105さんが朝ごはん調理を完了しました！'), 
(150, 'hina0303', '2024-08-26 11:08:39', 'hina0303さんがエアコン掃除を完了しました！'), 
(151, 'dojouser4', '2024-08-26 18:17:11', 'dojouser4さんが常備菜づくりを完了しました！'), 
(152, 'kenta0405', '2024-08-27 5:45:42', 'kenta0405さんがエアコン掃除を完了しました！'), 
(153, 'dojouser4', '2024-08-27 12:20:12', 'dojouser4さんがアイロンがけを完了しました！'), 
(154, 'himari0105', '2024-08-28 3:24:06', 'himari0105さんがトイレ掃除を完了しました！'), 
(155, 'dojouser2', '2024-08-28 19:02:19', 'dojouser2さんが洗濯取り込みを完了しました！'), 
(156, 'dojouser5', '2024-08-29 2:32:22', 'dojouser5さんがシャツの襟汚れ洗いを完了しました！'), 
(157, 'dojouser5', '2024-08-29 15:41:48', 'dojouser5さんが夜の洗濯を完了しました！'), 
(158, 'dojouser5', '2024-08-30 0:49:18', 'dojouser5さんが郵便物整理を完了しました！'), 
(159, 'dojouser2', '2024-08-31 21:33:43', 'dojouser2さんが猫の夜ご飯を完了しました！'), 
(160, 'dojouser6', '2024-09-01 9:36:50', 'dojouser6さんが布団干しを完了しました！'), 
(161, 'dojouser6', '2024-09-01 10:18:18', 'dojouser6さんが布団干しを完了しました！'), 
(162, 'dojouser1', '2024-09-01 18:45:59', 'dojouser1さんが夜ご飯調理を完了しました！'), 
(163, 'dojouser6', '2024-09-02 3:27:45', 'dojouser6さんがシャツの襟汚れ洗いを完了しました！'), 
(164, 'dojouser1', '2024-09-02 3:31:34', 'dojouser1さんがお弁当の準備を完了しました！'), 
(165, 'dojouser1', '2024-09-02 7:17:24', 'dojouser1さんがトイレ掃除を完了しました！'), 
(166, 'ren0712', '2024-09-03 2:28:24', 'ren0712さんが朝ごはん調理を完了しました！'), 
(167, 'dojouser2', '2024-09-03 10:59:54', 'dojouser2さんが生ゴミ処理を完了しました！'), 
(168, 'dojouser2', '2024-09-04 23:49:17', 'dojouser2さんがアイロンがけを完了しました！'), 
(169, 'ren0712', '2024-09-06 10:57:56', 'ren0712さんが夜ごはん調理を完了しました！'), 
(170, 'himari0105', '2024-09-06 16:23:24', 'himari0105さんがリビング掃除を完了しました！'), 
(171, 'kenta0405', '2024-09-07 21:55:38', 'kenta0405さんが夜ごはん買い出しを完了しました！'), 
(172, 'dojouser1', '2024-09-08 0:58:28', 'dojouser1さんが夕食準備を完了しました！'), 
(173, 'dojouser5', '2024-09-08 1:43:47', 'dojouser5さんがごみ出し（月曜）を完了しました！'), 
(174, 'dojouser5', '2024-09-08 4:40:00', 'dojouser5さんが風呂掃除を完了しました！'), 
(175, 'hina0303', '2024-09-08 7:42:53', 'hina0303さんが燃えるごみを完了しました！'), 
(176, 'hina0303', '2024-09-09 3:19:37', 'hina0303さんが燃えるごみを完了しました！'), 
(177, 'hina0303', '2024-09-09 3:33:57', 'hina0303さんが燃えるごみを完了しました！'), 
(178, 'dojouser5', '2024-09-09 15:52:22', 'dojouser5さんが窓拭きを完了しました！'), 
(179, 'dojouser1', '2024-09-10 16:19:20', 'dojouser1さんがアイロンがけを完了しました！'), 
(180, 'dojouser6', '2024-09-10 17:50:00', 'dojouser6さんが風呂掃除を完了しました！'), 
(181, 'dojouser2', '2024-09-11 7:32:17', 'dojouser2さんが洗濯取り込みを完了しました！'), 
(182, 'hina0303', '2024-09-12 12:48:21', 'hina0303さんが夜ごはん買い出しを完了しました！'), 
(183, 'dojouser2', '2024-09-13 2:58:26', 'dojouser2さんが洗濯取り込みを完了しました！'), 
(184, 'ren0712', '2024-09-13 14:13:44', 'ren0712さんが朝の洗濯を完了しました！'), 
(185, 'dojouser3', '2024-09-13 18:03:29', 'dojouser3さんが朝の洗濯を完了しました！'), 
(186, 'himari0105', '2024-09-14 0:14:57', 'himari0105さんが夜ごはん調理を完了しました！'), 
(187, 'kenta0405', '2024-09-14 19:05:53', 'kenta0405さんが夜ごはん料理を完了しました！'), 
(188, 'dojouser6', '2024-09-15 12:17:07', 'dojouser6さんが郵便物整理を完了しました！'), 
(189, 'dojouser6', '2024-09-15 16:27:25', 'dojouser6さんが玄関掃除を完了しました！'), 
(190, 'dojouser2', '2024-09-15 18:45:17', 'dojouser2さんが常備菜づくりを完了しました！'), 
(191, 'dojouser4', '2024-09-16 23:51:50', 'dojouser4さんが掃除機かけを完了しました！'), 
(192, 'himari0105', '2024-09-17 12:27:11', 'himari0105さんがペットボトルごみを完了しました！'), 
(193, 'hina0303', '2024-09-17 16:40:13', 'hina0303さんが洗濯を完了しました！'), 
(194, 'dojouser6', '2024-09-17 20:33:29', 'dojouser6さんが食器洗いを完了しました！'), 
(195, 'dojouser3', '2024-09-18 6:36:22', 'dojouser3さんが窓ふきを完了しました！'), 
(196, 'dojouser4', '2024-09-19 18:24:34', 'dojouser4さんが夜ご飯調理を完了しました！'), 
(197, 'hina0303', '2024-09-19 22:10:06', 'hina0303さんが夜ごはん買い出しを完了しました！'), 
(198, 'kenta0405', '2024-09-20 3:04:45', 'kenta0405さんが夜お皿洗いを完了しました！'), 
(199, 'dojouser1', '2024-09-20 4:27:59', 'dojouser1さんがアイロンがけを完了しました！'), 
(200, 'dojouser2', '2024-09-23 0:10:21', 'dojouser2さんが窓ふきを完了しました！'), 
(201, 'dojouser5', '2024-09-23 12:49:55', 'dojouser5さんが玄関の掃き掃除を完了しました！'), 
(202, 'dojouser2', '2024-09-23 23:07:20', 'dojouser2さんがお弁当の準備を完了しました！'), 
(203, 'dojouser6', '2024-09-24 4:29:46', 'dojouser6さんがキッチン排水口掃除を完了しました！'), 
(204, 'dojouser3', '2024-09-25 0:39:17', 'dojouser3さんが夜ご飯調理を完了しました！'), 
(205, 'dojouser4', '2024-09-25 18:13:54', 'dojouser4さんがトイレ掃除を完了しました！'), 
(206, 'himari0105', '2024-09-25 19:03:12', 'himari0105さんがペットボトルごみを完了しました！'), 
(207, 'dojouser6', '2024-09-25 19:44:54', 'dojouser6さんが風呂掃除を完了しました！'), 
(208, 'dojouser4', '2024-09-25 20:38:10', 'dojouser4さんがトイレ掃除を完了しました！'), 
(209, 'dojouser2', '2024-09-26 0:22:29', 'dojouser2さんがお弁当の準備を完了しました！'), 
(210, 'dojouser4', '2024-09-26 1:25:41', 'dojouser4さんが窓ふきを完了しました！'), 
(211, 'hina0303', '2024-09-27 3:27:54', 'hina0303さんがエアコン掃除を完了しました！'), 
(212, 'hina0303', '2024-09-27 3:46:45', 'hina0303さんが夜お皿洗いを完了しました！'), 
(213, 'dojouser4', '2024-09-27 4:38:38', 'dojouser4さんがトイレ掃除を完了しました！'), 
(214, 'dojouser3', '2024-09-27 8:59:51', 'dojouser3さんが生ゴミ処理を完了しました！'), 
(215, 'ren0712', '2024-09-27 18:04:42', 'ren0712さんが夜の洗濯を完了しました！'), 
(216, 'dojouser1', '2024-09-27 19:48:24', 'dojouser1さんがベッドシーツ交換を完了しました！'), 
(217, 'hina0303', '2024-09-28 1:57:44', 'hina0303さんが夜ごはん買い出しを完了しました！'), 
(218, 'hina0303', '2024-09-28 12:02:36', 'hina0303さんが洗濯を完了しました！'), 
(219, 'himari0105', '2024-09-28 20:57:34', 'himari0105さんが燃えるごみを完了しました！'), 
(220, 'himari0105', '2024-09-30 4:53:40', 'himari0105さんが夜ごはん調理を完了しました！'), 
(221, 'hina0303', '2024-10-01 1:11:25', 'hina0303さんがエアコン掃除を完了しました！'), 
(222, 'dojouser4', '2024-10-01 7:48:47', 'dojouser4さんが生ゴミ処理を完了しました！'), 
(223, 'dojouser5', '2024-10-01 13:03:29', 'dojouser5さんが夜の洗濯を完了しました！'), 
(224, 'kenta0405', '2024-10-02 9:21:18', 'kenta0405さんが夜ごはん料理を完了しました！'), 
(225, 'hina0303', '2024-10-02 9:54:44', 'hina0303さんが燃えるごみを完了しました！'), 
(226, 'dojouser6', '2024-10-02 17:50:50', 'dojouser6さんが風呂掃除を完了しました！'), 
(227, 'dojouser1', '2024-10-02 19:13:11', 'dojouser1さんがトイレ掃除を完了しました！'), 
(228, 'himari0105', '2024-10-04 21:03:28', 'himari0105さんが燃えるごみを完了しました！'), 
(229, 'dojouser5', '2024-10-04 22:16:54', 'dojouser5さんがごみ出し（月曜）を完了しました！'), 
(230, 'dojouser6', '2024-10-04 23:14:49', 'dojouser6さんが夜ご飯作るを完了しました！'), 
(231, 'dojouser5', '2024-10-05 0:02:28', 'dojouser5さんがシャツの襟汚れ洗いを完了しました！'), 
(232, 'ren0712', '2024-10-05 2:20:56', 'ren0712さんがペットボトルごみを完了しました！'), 
(233, 'dojouser4', '2024-10-05 12:36:05', 'dojouser4さんが夕食準備を完了しました！'), 
(234, 'ren0712', '2024-10-05 18:12:25', 'ren0712さんが朝ごはん調理を完了しました！'), 
(235, 'hina0303', '2024-10-06 12:30:06', 'hina0303さんが夜ごはん買い出しを完了しました！'), 
(236, 'kenta0405', '2024-10-06 15:35:35', 'kenta0405さんが夜お皿洗いを完了しました！'), 
(237, 'dojouser3', '2024-10-07 5:38:33', 'dojouser3さんがトイレ掃除を完了しました！'), 
(238, 'dojouser1', '2024-10-07 17:16:58', 'dojouser1さんが洗濯干しを完了しました！'), 
(239, 'dojouser2', '2024-10-08 23:20:55', 'dojouser2さんがお弁当の準備を完了しました！'), 
(240, 'dojouser5', '2024-10-10 6:58:04', 'dojouser5さんが夜ご飯作るを完了しました！'), 
(241, 'kenta0405', '2024-10-10 14:15:54', 'kenta0405さんがエアコン掃除を完了しました！'), 
(242, 'dojouser6', '2024-10-10 16:37:41', 'dojouser6さんが雑巾がけを完了しました！'), 
(243, 'dojouser5', '2024-10-10 19:33:13', 'dojouser5さんが食材買い出しを完了しました！'), 
(244, 'dojouser6', '2024-10-10 23:39:54', 'dojouser6さんが布団干しを完了しました！'), 
(245, 'hina0303', '2024-10-11 23:05:08', 'hina0303さんが洗濯を完了しました！'), 
(246, 'hina0303', '2024-10-12 1:58:52', 'hina0303さんがエアコン掃除を完了しました！'), 
(247, 'dojouser2', '2024-10-12 2:56:17', 'dojouser2さんが猫の朝ごはんを完了しました！'), 
(248, 'hina0303', '2024-10-12 6:30:39', 'hina0303さんが燃えるごみを完了しました！'), 
(249, 'kenta0405', '2024-10-12 8:45:38', 'kenta0405さんが燃えるごみを完了しました！'), 
(250, 'kenta0405', '2024-10-13 5:29:30', 'kenta0405さんが夜お皿洗いを完了しました！'), 
(251, 'dojouser5', '2024-10-14 15:24:56', 'dojouser5さんが食材買い出しを完了しました！'), 
(252, 'hina0303', '2024-10-14 21:33:37', 'hina0303さんが夜ごはん料理を完了しました！'), 
(253, 'ren0712', '2024-10-14 23:42:46', 'ren0712さんがトイレ掃除を完了しました！'), 
(254, 'himari0105', '2024-10-16 3:31:16', 'himari0105さんが夜の洗濯を完了しました！'), 
(255, 'dojouser3', '2024-10-16 7:27:17', 'dojouser3さんが常備菜づくりを完了しました！'), 
(256, 'dojouser3', '2024-10-16 10:37:10', 'dojouser3さんが米とぎを完了しました！'), 
(257, 'dojouser6', '2024-10-16 17:29:03', 'dojouser6さんが郵便物整理を完了しました！'), 
(258, 'dojouser5', '2024-10-18 0:53:33', 'dojouser5さんが食器洗いを完了しました！'), 
(259, 'dojouser2', '2024-10-18 5:39:30', 'dojouser2さんが窓ふきを完了しました！'), 
(260, 'himari0105', '2024-10-18 11:14:38', 'himari0105さんが夜の洗濯を完了しました！'), 
(261, 'ren0712', '2024-10-18 16:44:39', 'ren0712さんがお風呂掃除を完了しました！'), 
(262, 'dojouser2', '2024-10-18 18:31:44', 'dojouser2さんがトイレ掃除を完了しました！'), 
(263, 'hina0303', '2024-10-18 19:36:55', 'hina0303さんが夜ごはん料理を完了しました！'), 
(264, 'dojouser2', '2024-10-19 9:39:21', 'dojouser2さんがトイレ掃除を完了しました！'), 
(265, 'dojouser1', '2024-10-19 11:52:02', 'dojouser1さんが朝の洗濯を完了しました！'), 
(266, 'dojouser1', '2024-10-19 23:29:46', 'dojouser1さんがアイロンがけを完了しました！'), 
(267, 'dojouser1', '2024-10-22 11:11:59', 'dojouser1さんがベッドシーツ交換を完了しました！'), 
(268, 'dojouser3', '2024-10-22 16:17:01', 'dojouser3さんが夕食準備を完了しました！'), 
(269, 'ren0712', '2024-10-24 5:12:30', 'ren0712さんが朝の洗濯を完了しました！'), 
(270, 'dojouser5', '2024-10-24 17:34:21', 'dojouser5さんが雑巾がけを完了しました！'), 
(271, 'dojouser2', '2024-10-25 21:26:43', 'dojouser2さんがお弁当の準備を完了しました！'), 
(272, 'dojouser5', '2024-10-25 23:14:54', 'dojouser5さんが玄関掃除を完了しました！'), 
(273, 'dojouser5', '2024-10-26 11:48:48', 'dojouser5さんが玄関掃除を完了しました！'), 
(274, 'dojouser3', '2024-10-28 21:13:08', 'dojouser3さんが夜ご飯調理を完了しました！'), 
(275, 'dojouser1', '2024-10-29 5:57:19', 'dojouser1さんが米とぎを完了しました！'), 
(276, 'dojouser1', '2024-10-29 23:38:41', 'dojouser1さんが米とぎを完了しました！'), 
(277, 'himari0105', '2024-10-30 4:54:05', 'himari0105さんが燃えるごみを完了しました！'), 
(278, 'hina0303', '2024-10-31 5:32:35', 'hina0303さんが洗濯を完了しました！'), 
(279, 'dojouser4', '2024-10-31 16:10:05', 'dojouser4さんが夕食準備を完了しました！'), 
(280, 'dojouser5', '2024-11-01 12:38:33', 'dojouser5さんがシャツの襟汚れ洗いを完了しました！'), 
(281, 'himari0105', '2024-11-01 14:11:29', 'himari0105さんが朝ごはん調理を完了しました！'), 
(282, 'dojouser2', '2024-11-04 23:07:25', 'dojouser2さんが朝の洗濯を完了しました！'), 
(283, 'hina0303', '2024-11-05 11:34:56', 'hina0303さんが夜お皿洗いを完了しました！'), 
(284, 'hina0303', '2024-11-05 14:53:30', 'hina0303さんが洗濯を完了しました！'), 
(285, 'dojouser1', '2024-11-06 1:37:51', 'dojouser1さんが夕食準備を完了しました！'), 
(286, 'dojouser1', '2024-11-07 2:10:05', 'dojouser1さんが猫の朝ごはんを完了しました！'), 
(287, 'himari0105', '2024-11-08 17:54:52', 'himari0105さんがトイレ掃除を完了しました！'), 
(288, 'hina0303', '2024-11-10 13:12:39', 'hina0303さんが夜お皿洗いを完了しました！'), 
(289, 'dojouser2', '2024-11-11 11:04:59', 'dojouser2さんが掃除機かけを完了しました！'), 
(290, 'ren0712', '2024-11-13 12:51:05', 'ren0712さんがお風呂掃除を完了しました！'), 
(291, 'himari0105', '2024-11-13 18:23:41', 'himari0105さんがペットボトルごみを完了しました！'), 
(292, 'dojouser3', '2024-11-13 19:44:53', 'dojouser3さんが生ゴミ処理を完了しました！'), 
(293, 'kenta0405', '2024-11-14 23:28:04', 'kenta0405さんが夜ごはん買い出しを完了しました！'), 
(294, 'dojouser6', '2024-11-15 0:08:45', 'dojouser6さんが郵便物整理を完了しました！'), 
(295, 'kenta0405', '2024-11-15 19:57:30', 'kenta0405さんが夜ごはん料理を完了しました！'), 
(296, 'hina0303', '2024-11-15 23:43:33', 'hina0303さんがエアコン掃除を完了しました！'), 
(297, 'dojouser1', '2024-11-16 11:24:51', 'dojouser1さんが常備菜づくりを完了しました！'), 
(298, 'dojouser6', '2024-11-17 9:04:45', 'dojouser6さんが公共料金支払いを完了しました！'), 
(299, 'dojouser6', '2024-11-19 15:12:28', 'dojouser6さんが食材買い出しを完了しました！'), 
(300, 'dojouser1', '2024-11-20 14:57:49', 'dojouser1さんがアイロンがけを完了しました！'), 
(301, 'kenta0405', '2024-11-20 16:19:35', 'kenta0405さんが洗濯を完了しました！'), 
(302, 'himari0105', '2024-11-21 12:03:38', 'himari0105さんがトイレ掃除を完了しました！'), 
(303, 'dojouser5', '2024-11-21 14:31:04', 'dojouser5さんが布団干しを完了しました！'), 
(304, 'ren0712', '2024-11-21 15:46:55', 'ren0712さんが夜ごはん調理を完了しました！'), 
(305, 'kenta0405', '2024-11-22 2:03:19', 'kenta0405さんがエアコン掃除を完了しました！'), 
(306, 'hina0303', '2024-11-22 9:56:39', 'hina0303さんがエアコン掃除を完了しました！'), 
(307, 'ren0712', '2024-11-22 10:10:27', 'ren0712さんが夜の洗濯を完了しました！'), 
(308, 'dojouser4', '2024-11-22 21:32:11', 'dojouser4さんが猫の夜ご飯を完了しました！'), 
(309, 'dojouser4', '2024-11-23 9:31:37', 'dojouser4さんがベッドシーツ交換を完了しました！'), 
(310, 'ren0712', '2024-11-24 2:58:36', 'ren0712さんがペットボトルごみを完了しました！'), 
(311, 'dojouser1', '2024-11-24 19:32:51', 'dojouser1さんがお弁当の準備を完了しました！'), 
(312, 'kenta0405', '2024-11-24 22:04:16', 'kenta0405さんが燃えるごみを完了しました！'), 
(313, 'dojouser2', '2024-11-25 3:07:30', 'dojouser2さんがベッドシーツ交換を完了しました！'), 
(314, 'kenta0405', '2024-11-25 7:33:13', 'kenta0405さんが洗濯を完了しました！'), 
(315, 'kenta0405', '2024-11-25 8:19:09', 'kenta0405さんが夜ごはん料理を完了しました！'), 
(316, 'ren0712', '2024-11-26 0:41:23', 'ren0712さんが夜の洗濯を完了しました！'), 
(317, 'ren0712', '2024-11-28 14:31:17', 'ren0712さんが夜の洗濯を完了しました！'), 
(318, 'dojouser6', '2024-11-30 3:36:15', 'dojouser6さんがキッチン掃除を完了しました！'), 
(319, 'himari0105', '2024-11-30 5:24:43', 'himari0105さんがペットボトルごみを完了しました！'), 
(320, 'dojouser5', '2024-12-01 0:17:58', 'dojouser5さんがシャツの襟汚れ洗いを完了しました！'), 
(321, 'hina0303', '2024-12-02 9:24:50', 'hina0303さんが洗濯を完了しました！'), 
(322, 'dojouser2', '2024-12-02 18:33:46', 'dojouser2さんが窓ふきを完了しました！'), 
(323, 'dojouser5', '2024-12-03 19:08:06', 'dojouser5さんが風呂掃除を完了しました！'), 
(324, 'himari0105', '2024-12-03 20:52:46', 'himari0105さんが朝の洗濯を完了しました！'), 
(325, 'dojouser1', '2024-12-04 7:04:00', 'dojouser1さんが洗濯干しを完了しました！'), 
(326, 'dojouser4', '2024-12-04 11:18:14', 'dojouser4さんが猫の朝ごはんを完了しました！'), 
(327, 'dojouser4', '2024-12-04 20:21:49', 'dojouser4さんがベッドシーツ交換を完了しました！'), 
(328, 'hina0303', '2024-12-05 4:07:09', 'hina0303さんが夜お皿洗いを完了しました！'), 
(329, 'ren0712', '2024-12-05 11:19:43', 'ren0712さんが夜の洗濯を完了しました！'), 
(330, 'dojouser4', '2024-12-05 21:24:56', 'dojouser4さんがお弁当の準備を完了しました！'), 
(331, 'dojouser5', '2024-12-06 21:47:44', 'dojouser5さんが雑巾がけを完了しました！'), 
(332, 'himari0105', '2024-12-08 13:08:22', 'himari0105さんが朝の洗濯を完了しました！'), 
(333, 'dojouser5', '2024-12-09 0:43:52', 'dojouser5さんがキッチン排水口掃除を完了しました！'), 
(334, 'dojouser1', '2024-12-09 5:33:14', 'dojouser1さんが掃除機かけを完了しました！'), 
(335, 'dojouser2', '2024-12-09 21:57:31', 'dojouser2さんが窓ふきを完了しました！'), 
(336, 'dojouser6', '2024-12-09 23:49:36', 'dojouser6さんが食器洗いを完了しました！'), 
(337, 'dojouser4', '2024-12-10 9:33:54', 'dojouser4さんが掃除機かけを完了しました！'), 
(338, 'kenta0405', '2024-12-11 4:30:30', 'kenta0405さんが燃えるごみを完了しました！'), 
(339, 'kenta0405', '2024-12-11 13:49:26', 'kenta0405さんが夜ごはん買い出しを完了しました！'), 
(340, 'ren0712', '2024-12-11 20:56:00', 'ren0712さんがお風呂掃除を完了しました！'), 
(341, 'dojouser6', '2024-12-12 19:49:08', 'dojouser6さんがキッチン掃除を完了しました！'), 
(342, 'dojouser2', '2024-12-13 3:55:14', 'dojouser2さんがお弁当の準備を完了しました！'), 
(343, 'dojouser2', '2024-12-14 1:59:53', 'dojouser2さんが猫の朝ごはんを完了しました！'), 
(344, 'dojouser3', '2024-12-14 7:31:31', 'dojouser3さんが洗濯干しを完了しました！'), 
(345, 'dojouser1', '2024-12-14 15:24:19', 'dojouser1さんが常備菜づくりを完了しました！'), 
(346, 'dojouser4', '2024-12-15 20:26:20', 'dojouser4さんが夜ご飯調理を完了しました！'), 
(347, 'dojouser1', '2024-12-16 8:46:02', 'dojouser1さんが常備菜づくりを完了しました！'), 
(348, 'kenta0405', '2024-12-16 22:05:36', 'kenta0405さんが夜ごはん料理を完了しました！'), 
(349, 'himari0105', '2024-12-17 1:46:45', 'himari0105さんが朝の洗濯を完了しました！'), 
(350, 'himari0105', '2024-12-17 7:57:43', 'himari0105さんがリビング掃除を完了しました！'), 
(351, 'dojouser3', '2024-12-17 17:10:47', 'dojouser3さんがお弁当の準備を完了しました！'), 
(352, 'dojouser5', '2024-12-17 21:59:14', 'dojouser5さんがシャツの襟汚れ洗いを完了しました！'), 
(353, 'himari0105', '2024-12-18 1:06:37', 'himari0105さんが朝の洗濯を完了しました！'), 
(354, 'dojouser1', '2024-12-18 9:59:53', 'dojouser1さんが夕食準備を完了しました！'), 
(355, 'dojouser2', '2024-12-18 14:01:39', 'dojouser2さんが洗濯取り込みを完了しました！'), 
(356, 'dojouser3', '2024-12-20 12:46:18', 'dojouser3さんがアイロンがけを完了しました！'), 
(357, 'dojouser6', '2024-12-20 17:26:41', 'dojouser6さんがキッチン排水口掃除を完了しました！'), 
(358, 'ren0712', '2024-12-20 22:00:58', 'ren0712さんが夜の洗濯を完了しました！'), 
(359, 'dojouser5', '2024-12-21 1:18:35', 'dojouser5さんが夜ご飯作るを完了しました！'), 
(360, 'dojouser5', '2024-12-22 8:50:56', 'dojouser5さんが公共料金支払いを完了しました！'), 
(361, 'kenta0405', '2024-12-22 16:52:06', 'kenta0405さんが洗濯を完了しました！'), 
(362, 'dojouser6', '2024-12-23 15:57:55', 'dojouser6さんが布団干しを完了しました！'), 
(363, 'kenta0405', '2024-12-23 22:44:14', 'kenta0405さんが夜ごはん買い出しを完了しました！'), 
(364, 'dojouser4', '2024-12-24 4:01:06', 'dojouser4さんがトイレ掃除を完了しました！'), 
(365, 'dojouser4', '2024-12-24 14:28:41', 'dojouser4さんが洗濯取り込みを完了しました！'), 
(366, 'kenta0405', '2024-12-25 22:58:34', 'kenta0405さんが燃えるごみを完了しました！'), 
(367, 'dojouser4', '2024-12-26 5:15:45', 'dojouser4さんが夕食準備を完了しました！'), 
(368, 'himari0105', '2024-12-26 9:16:29', 'himari0105さんがトイレ掃除を完了しました！'), 
(369, 'dojouser3', '2024-12-26 16:13:36', 'dojouser3さんが猫の夜ご飯を完了しました！'), 
(370, 'dojouser6', '2024-12-27 4:54:17', 'dojouser6さんがキッチン排水口掃除を完了しました！'), 
(371, 'dojouser2', '2024-12-27 12:52:54', 'dojouser2さんが掃除機かけを完了しました！'), 
(372, 'dojouser3', '2024-12-27 17:35:15', 'dojouser3さんが洗濯取り込みを完了しました！'), 
(373, 'dojouser3', '2024-12-29 13:55:40', 'dojouser3さんがトイレ掃除を完了しました！'), 
(374, 'dojouser6', '2024-12-29 19:58:54', 'dojouser6さんが食器洗いを完了しました！'), 
(375, 'dojouser2', '2024-12-30 2:10:31', 'dojouser2さんが猫の夜ご飯を完了しました！'), 
(376, 'dojouser4', '2024-12-30 23:35:23', 'dojouser4さんが猫の朝ごはんを完了しました！'), 
(377, 'himari0105', '2025-01-01 12:02:10', 'himari0105さんがペットボトルごみを完了しました！'), 
(378, 'dojouser1', '2025-01-01 12:44:59', 'dojouser1さんが猫の夜ご飯を完了しました！'), 
(379, 'dojouser3', '2025-01-01 21:46:08', 'dojouser3さんが夕食準備を完了しました！'), 
(380, 'dojouser4', '2025-01-02 10:24:01', 'dojouser4さんがトイレ掃除を完了しました！'), 
(381, 'dojouser1', '2025-01-02 17:47:54', 'dojouser1さんが夕食準備を完了しました！'), 
(382, 'dojouser3', '2025-01-03 2:30:24', 'dojouser3さんが洗濯取り込みを完了しました！'), 
(383, 'dojouser6', '2025-01-03 2:37:04', 'dojouser6さんがキッチン掃除を完了しました！'), 
(384, 'kenta0405', '2025-01-03 9:51:37', 'kenta0405さんが燃えるごみを完了しました！'), 
(385, 'dojouser3', '2025-01-03 12:00:20', 'dojouser3さんがお弁当の準備を完了しました！'), 
(386, 'ren0712', '2025-01-03 22:42:17', 'ren0712さんが朝ごはん調理を完了しました！'), 
(387, 'dojouser2', '2025-01-04 1:57:35', 'dojouser2さんが米とぎを完了しました！'), 
(388, 'ren0712', '2025-01-04 20:37:16', 'ren0712さんが朝の洗濯を完了しました！'), 
(389, 'dojouser2', '2025-01-05 16:55:02', 'dojouser2さんが洗濯取り込みを完了しました！'), 
(390, 'dojouser4', '2025-01-06 14:55:23', 'dojouser4さんがアイロンがけを完了しました！'), 
(391, 'dojouser6', '2025-01-06 17:08:54', 'dojouser6さんが玄関掃除を完了しました！'), 
(392, 'dojouser4', '2025-01-06 17:47:05', 'dojouser4さんが生ゴミ処理を完了しました！'), 
(393, 'dojouser1', '2025-01-07 16:10:39', 'dojouser1さんがアイロンがけを完了しました！'), 
(394, 'dojouser6', '2025-01-08 17:39:31', 'dojouser6さんが公共料金支払いを完了しました！'), 
(395, 'dojouser5', '2025-01-08 19:08:01', 'dojouser5さんが夜の洗濯を完了しました！'), 
(396, 'dojouser5', '2025-01-09 15:22:15', 'dojouser5さんがキッチン掃除を完了しました！'), 
(397, 'dojouser1', '2025-01-10 8:25:46', 'dojouser1さんがアイロンがけを完了しました！'), 
(398, 'hina0303', '2025-01-10 16:33:11', 'hina0303さんが夜お皿洗いを完了しました！'), 
(399, 'dojouser4', '2025-01-12 7:55:02', 'dojouser4さんが猫の夜ご飯を完了しました！'), 
(400, 'dojouser3', '2025-01-12 23:03:33', 'dojouser3さんが常備菜づくりを完了しました！'), 
(401, 'dojouser5', '2025-01-13 20:40:20', 'dojouser5さんが夜ご飯作るを完了しました！'), 
(402, 'dojouser3', '2025-01-14 14:09:48', 'dojouser3さんがトイレ掃除を完了しました！'), 
(403, 'hina0303', '2025-01-15 13:04:49', 'hina0303さんが洗濯を完了しました！'), 
(404, 'dojouser3', '2025-01-15 13:12:17', 'dojouser3さんが窓ふきを完了しました！'), 
(405, 'kenta0405', '2025-01-15 15:10:20', 'kenta0405さんが洗濯を完了しました！'), 
(406, 'himari0105', '2025-01-16 4:41:54', 'himari0105さんが朝の洗濯を完了しました！'), 
(407, 'dojouser5', '2025-01-16 6:23:28', 'dojouser5さんがごみ出し（月曜）を完了しました！'), 
(408, 'hina0303', '2025-01-16 18:11:43', 'hina0303さんが燃えるごみを完了しました！'), 
(409, 'kenta0405', '2025-01-17 1:05:21', 'kenta0405さんが夜お皿洗いを完了しました！'), 
(410, 'dojouser5', '2025-01-17 6:59:43', 'dojouser5さんが夜ご飯作るを完了しました！'), 
(411, 'dojouser4', '2025-01-17 8:46:12', 'dojouser4さんがトイレ掃除を完了しました！'), 
(412, 'kenta0405', '2025-01-17 12:24:15', 'kenta0405さんが夜ごはん料理を完了しました！'), 
(413, 'dojouser5', '2025-01-18 0:51:11', 'dojouser5さんが夜ご飯作るを完了しました！'), 
(414, 'dojouser2', '2025-01-18 23:26:14', 'dojouser2さんがアイロンがけを完了しました！'), 
(415, 'dojouser4', '2025-01-19 6:04:11', 'dojouser4さんが掃除機かけを完了しました！'), 
(416, 'kenta0405', '2025-01-20 4:45:25', 'kenta0405さんが夜ごはん買い出しを完了しました！'), 
(417, 'kenta0405', '2025-01-20 7:01:14', 'kenta0405さんが夜ごはん買い出しを完了しました！'), 
(418, 'dojouser3', '2025-01-20 14:10:37', 'dojouser3さんがベッドシーツ交換を完了しました！'), 
(419, 'dojouser2', '2025-01-21 21:22:50', 'dojouser2さんが猫の朝ごはんを完了しました！'), 
(420, 'hina0303', '2025-01-22 5:01:45', 'hina0303さんが洗濯を完了しました！'), 
(421, 'kenta0405', '2025-01-23 5:56:34', 'kenta0405さんが洗濯を完了しました！'), 
(422, 'ren0712', '2025-01-23 9:01:22', 'ren0712さんがリビング掃除を完了しました！'), 
(423, 'dojouser6', '2025-01-23 22:21:30', 'dojouser6さんがごみ出し（月曜）を完了しました！'), 
(424, 'dojouser2', '2025-01-26 1:35:59', 'dojouser2さんが夜ご飯調理を完了しました！'), 
(425, 'dojouser6', '2025-01-27 6:12:52', 'dojouser6さんがシャツの襟汚れ洗いを完了しました！'), 
(426, 'dojouser4', '2025-01-28 11:22:11', 'dojouser4さんが掃除機かけを完了しました！'), 
(427, 'himari0105', '2025-01-28 18:13:06', 'himari0105さんがペットボトルごみを完了しました！'), 
(428, 'dojouser5', '2025-01-30 1:13:35', 'dojouser5さんがキッチン掃除を完了しました！'), 
(429, 'hina0303', '2025-01-30 5:45:35', 'hina0303さんがエアコン掃除を完了しました！'), 
(430, 'dojouser5', '2025-01-30 17:46:52', 'dojouser5さんが布団干しを完了しました！'), 
(431, 'dojouser4', '2025-01-30 19:39:40', 'dojouser4さんが猫の朝ごはんを完了しました！'), 
(432, 'hina0303', '2025-01-30 20:30:13', 'hina0303さんが夜ごはん料理を完了しました！'), 
(433, 'hina0303', '2025-01-30 22:37:35', 'hina0303さんがエアコン掃除を完了しました！'), 
(434, 'dojouser4', '2025-01-31 2:32:34', 'dojouser4さんが猫の朝ごはんを完了しました！'), 
(435, 'dojouser1', '2025-01-31 10:10:06', 'dojouser1さんが常備菜づくりを完了しました！'), 
(436, 'hina0303', '2025-02-01 7:45:14', 'hina0303さんが夜ごはん買い出しを完了しました！'), 
(437, 'dojouser3', '2025-02-01 9:37:56', 'dojouser3さんが夕食準備を完了しました！'), 
(438, 'kenta0405', '2025-02-02 6:10:29', 'kenta0405さんが夜お皿洗いを完了しました！'), 
(439, 'dojouser4', '2025-02-03 3:24:12', 'dojouser4さんが夜ご飯調理を完了しました！'), 
(440, 'dojouser5', '2025-02-03 18:15:18', 'dojouser5さんが玄関の掃き掃除を完了しました！'), 
(441, 'dojouser1', '2025-02-04 5:30:26', 'dojouser1さんが窓ふきを完了しました！'), 
(442, 'himari0105', '2025-02-04 7:36:14', 'himari0105さんが夜ごはん調理を完了しました！'), 
(443, 'dojouser2', '2025-02-04 11:02:12', 'dojouser2さんがトイレ掃除を完了しました！'), 
(444, 'dojouser3', '2025-02-04 19:26:01', 'dojouser3さんが洗濯干しを完了しました！'), 
(445, 'dojouser6', '2025-02-04 22:45:27', 'dojouser6さんが風呂掃除を完了しました！'), 
(446, 'hina0303', '2025-02-06 8:02:33', 'hina0303さんが燃えるごみを完了しました！'), 
(447, 'kenta0405', '2025-02-06 19:20:36', 'kenta0405さんが洗濯を完了しました！'), 
(448, 'hina0303', '2025-02-06 20:47:06', 'hina0303さんが洗濯を完了しました！'), 
(449, 'dojouser4', '2025-02-07 2:28:49', 'dojouser4さんが米とぎを完了しました！'), 
(450, 'dojouser5', '2025-02-07 13:40:12', 'dojouser5さんが食材買い出しを完了しました！'), 
(451, 'dojouser3', '2025-02-07 17:11:22', 'dojouser3さんがアイロンがけを完了しました！'), 
(452, 'kenta0405', '2025-02-08 3:41:56', 'kenta0405さんが夜お皿洗いを完了しました！'), 
(453, 'himari0105', '2025-02-08 5:05:21', 'himari0105さんがお風呂掃除を完了しました！'), 
(454, 'dojouser4', '2025-02-08 17:25:05', 'dojouser4さんが猫の夜ご飯を完了しました！'), 
(455, 'dojouser4', '2025-02-09 17:19:06', 'dojouser4さんが夕食準備を完了しました！'), 
(456, 'hina0303', '2025-02-09 21:06:34', 'hina0303さんがエアコン掃除を完了しました！'), 
(457, 'himari0105', '2025-02-10 0:42:05', 'himari0105さんが朝ごはん調理を完了しました！'), 
(458, 'kenta0405', '2025-02-10 20:03:22', 'kenta0405さんが夜お皿洗いを完了しました！'), 
(459, 'dojouser5', '2025-02-11 9:00:31', 'dojouser5さんがキッチン排水口掃除を完了しました！'), 
(460, 'dojouser2', '2025-02-11 11:21:37', 'dojouser2さんが朝の洗濯を完了しました！'), 
(461, 'dojouser1', '2025-02-12 5:21:28', 'dojouser1さんがお弁当の準備を完了しました！'), 
(462, 'kenta0405', '2025-02-12 5:23:15', 'kenta0405さんが洗濯を完了しました！'), 
(463, 'dojouser6', '2025-02-13 1:05:32', 'dojouser6さんがシャツの襟汚れ洗いを完了しました！'), 
(464, 'dojouser2', '2025-02-13 14:47:24', 'dojouser2さんがアイロンがけを完了しました！'), 
(465, 'hina0303', '2025-02-13 16:52:03', 'hina0303さんがエアコン掃除を完了しました！'), 
(466, 'dojouser2', '2025-02-14 1:05:32', 'dojouser2さんが生ゴミ処理を完了しました！'), 
(467, 'dojouser4', '2025-02-14 13:29:45', 'dojouser4さんが米とぎを完了しました！'), 
(468, 'dojouser2', '2025-02-14 14:42:09', 'dojouser2さんが洗濯干しを完了しました！'), 
(469, 'dojouser3', '2025-02-15 6:11:27', 'dojouser3さんがベッドシーツ交換を完了しました！'), 
(470, 'dojouser2', '2025-02-16 11:18:32', 'dojouser2さんがアイロンがけを完了しました！'), 
(471, 'dojouser5', '2025-02-17 0:15:42', 'dojouser5さんがキッチン掃除を完了しました！'), 
(472, 'hina0303', '2025-02-17 19:50:32', 'hina0303さんが夜お皿洗いを完了しました！'), 
(473, 'himari0105', '2025-02-18 20:29:45', 'himari0105さんがトイレ掃除を完了しました！'), 
(474, 'himari0105', '2025-02-20 14:39:31', 'himari0105さんが朝ごはん調理を完了しました！'), 
(475, 'dojouser2', '2025-02-21 2:00:17', 'dojouser2さんがトイレ掃除を完了しました！'), 
(476, 'dojouser1', '2025-02-21 3:45:02', 'dojouser1さんがベッドシーツ交換を完了しました！'), 
(477, 'dojouser6', '2025-02-21 17:19:40', 'dojouser6さんが窓拭きを完了しました！'), 
(478, 'dojouser6', '2025-02-22 4:12:12', 'dojouser6さんが食器洗いを完了しました！'), 
(479, 'ren0712', '2025-02-23 6:12:39', 'ren0712さんが朝の洗濯を完了しました！'), 
(480, 'dojouser3', '2025-02-23 13:26:41', 'dojouser3さんがトイレ掃除を完了しました！'), 
(481, 'himari0105', '2025-02-24 3:24:54', 'himari0105さんが朝ごはん調理を完了しました！'), 
(482, 'dojouser3', '2025-02-24 8:15:25', 'dojouser3さんが洗濯取り込みを完了しました！'), 
(483, 'himari0105', '2025-02-25 5:36:20', 'himari0105さんがリビング掃除を完了しました！'), 
(484, 'dojouser6', '2025-02-25 12:07:11', 'dojouser6さんが夜ご飯作るを完了しました！'), 
(485, 'dojouser2', '2025-02-25 19:28:59', 'dojouser2さんがトイレ掃除を完了しました！'), 
(486, 'himari0105', '2025-02-27 7:32:10', 'himari0105さんが朝ごはん調理を完了しました！'), 
(487, 'dojouser1', '2025-02-27 10:45:42', 'dojouser1さんがお弁当の準備を完了しました！'), 
(488, 'dojouser4', '2025-02-27 16:32:05', 'dojouser4さんが朝の洗濯を完了しました！'), 
(489, 'dojouser2', '2025-02-28 0:24:10', 'dojouser2さんが朝の洗濯を完了しました！'), 
(490, 'dojouser4', '2025-02-28 3:16:13', 'dojouser4さんが窓ふきを完了しました！'), 
(491, 'dojouser5', '2025-02-28 6:41:07', 'dojouser5さんが夜ご飯作るを完了しました！'), 
(492, 'dojouser1', '2025-02-28 11:06:48', 'dojouser1さんがお弁当の準備を完了しました！'), 
(493, 'dojouser5', '2025-02-28 20:05:32', 'dojouser5さんがごみ出し（月曜）を完了しました！'), 
(494, 'dojouser2', '2025-03-01 3:24:35', 'dojouser2さんが夜ご飯調理を完了しました！'), 
(495, 'dojouser2', '2025-03-01 4:20:14', 'dojouser2さんがベッドシーツ交換を完了しました！'), 
(496, 'dojouser5', '2025-03-02 5:40:11', 'dojouser5さんが風呂掃除を完了しました！'), 
(497, 'ren0712', '2025-03-02 11:37:25', 'ren0712さんがトイレ掃除を完了しました！'), 
(498, 'dojouser2', '2025-03-02 19:44:43', 'dojouser2さんが生ゴミ処理を完了しました！'), 
(499, 'hina0303', '2025-03-03 0:54:18', 'hina0303さんが夜ごはん料理を完了しました！'), 
(500, 'dojouser4', '2025-03-03 11:15:47', 'dojouser4さんが生ゴミ処理を完了しました！'), 
(501, 'himari0105', '2025-03-03 15:38:47', 'himari0105さんが朝ごはん調理を完了しました！'), 
(502, 'hina0303', '2025-03-04 21:37:31', 'hina0303さんがエアコン掃除を完了しました！'), 
(503, 'kenta0405', '2025-03-05 20:32:45', 'kenta0405さんが夜ごはん買い出しを完了しました！'), 
(504, 'dojouser4', '2025-03-06 16:59:06', 'dojouser4さんがベッドシーツ交換を完了しました！'), 
(505, 'dojouser2', '2025-03-07 2:45:12', 'dojouser2さんが朝の洗濯を完了しました！'), 
(506, 'kenta0405', '2025-03-07 4:02:29', 'kenta0405さんが夜お皿洗いを完了しました！'), 
(507, 'kenta0405', '2025-03-08 11:48:00', 'kenta0405さんが夜お皿洗いを完了しました！'), 
(508, 'hina0303', '2025-03-10 19:59:19', 'hina0303さんがエアコン掃除を完了しました！'), 
(509, 'kenta0405', '2025-03-11 4:31:24', 'kenta0405さんが夜ごはん買い出しを完了しました！'), 
(510, 'dojouser4', '2025-03-11 8:25:10', 'dojouser4さんが洗濯取り込みを完了しました！'), 
(511, 'himari0105', '2025-03-11 18:06:21', 'himari0105さんが燃えるごみを完了しました！'), 
(512, 'hina0303', '2025-03-11 18:43:57', 'hina0303さんが夜お皿洗いを完了しました！'), 
(513, 'dojouser4', '2025-03-11 22:40:55', 'dojouser4さんが掃除機かけを完了しました！'), 
(514, 'ren0712', '2025-03-13 15:02:17', 'ren0712さんがトイレ掃除を完了しました！'), 
(515, 'ren0712', '2025-03-14 23:13:39', 'ren0712さんがリビング掃除を完了しました！'), 
(516, 'dojouser4', '2025-03-15 9:42:20', 'dojouser4さんが洗濯干しを完了しました！'), 
(517, 'kenta0405', '2025-03-16 14:14:15', 'kenta0405さんがエアコン掃除を完了しました！'), 
(518, 'dojouser3', '2025-03-16 15:02:48', 'dojouser3さんが掃除機かけを完了しました！'), 
(519, 'dojouser4', '2025-03-17 22:35:25', 'dojouser4さんが掃除機かけを完了しました！'), 
(520, 'hina0303', '2025-03-18 11:21:32', 'hina0303さんが燃えるごみを完了しました！'), 
(521, 'himari0105', '2025-03-19 19:28:56', 'himari0105さんが朝の洗濯を完了しました！'), 
(522, 'kenta0405', '2025-03-20 0:38:26', 'kenta0405さんが燃えるごみを完了しました！'), 
(523, 'ren0712', '2025-03-20 1:43:34', 'ren0712さんが朝の洗濯を完了しました！'), 
(524, 'dojouser5', '2025-03-20 2:38:29', 'dojouser5さんが玄関掃除を完了しました！'), 
(525, 'dojouser5', '2025-03-21 7:22:39', 'dojouser5さんが雑巾がけを完了しました！'), 
(526, 'dojouser2', '2025-03-22 19:31:58', 'dojouser2さんが猫の朝ごはんを完了しました！'), 
(527, 'dojouser4', '2025-03-23 0:39:49', 'dojouser4さんが猫の朝ごはんを完了しました！'), 
(528, 'dojouser4', '2025-03-24 11:48:41', 'dojouser4さんが常備菜づくりを完了しました！'), 
(529, 'dojouser4', '2025-03-24 17:12:01', 'dojouser4さんが掃除機かけを完了しました！'), 
(530, 'himari0105', '2025-03-25 11:37:23', 'himari0105さんが燃えるごみを完了しました！'), 
(531, 'kenta0405', '2025-03-25 12:50:18', 'kenta0405さんが夜ごはん料理を完了しました！'), 
(532, 'dojouser5', '2025-03-26 3:06:15', 'dojouser5さんが窓拭きを完了しました！'), 
(533, 'ren0712', '2025-03-26 13:07:38', 'ren0712さんが夜ごはん調理を完了しました！'), 
(534, 'dojouser3', '2025-03-26 21:52:41', 'dojouser3さんが米とぎを完了しました！'), 
(535, 'ren0712', '2025-03-27 14:14:06', 'ren0712さんが朝ごはん調理を完了しました！'), 
(536, 'dojouser6', '2025-03-27 16:55:11', 'dojouser6さんが布団干しを完了しました！'), 
(537, 'dojouser4', '2025-03-27 20:55:13', 'dojouser4さんがベッドシーツ交換を完了しました！'), 
(538, 'dojouser3', '2025-03-28 5:54:01', 'dojouser3さんがアイロンがけを完了しました！'), 
(539, 'dojouser2', '2025-03-28 21:04:44', 'dojouser2さんが米とぎを完了しました！'), 
(540, 'dojouser4', '2025-03-30 12:27:24', 'dojouser4さんがお弁当の準備を完了しました！'), 
(541, 'himari0105', '2025-04-01 23:18:52', 'himari0105さんが朝ごはん調理を完了しました！'), 
(542, 'dojouser4', '2025-04-03 11:36:40', 'dojouser4さんがトイレ掃除を完了しました！'), 
(543, 'hina0303', '2025-04-03 21:29:40', 'hina0303さんがエアコン掃除を完了しました！'), 
(544, 'dojouser5', '2025-04-04 3:06:12', 'dojouser5さんが布団干しを完了しました！'), 
(545, 'himari0105', '2025-04-04 13:20:56', 'himari0105さんがリビング掃除を完了しました！'), 
(546, 'dojouser3', '2025-04-04 19:48:02', 'dojouser3さんが窓ふきを完了しました！'), 
(547, 'dojouser3', '2025-04-04 22:34:52', 'dojouser3さんがお弁当の準備を完了しました！'), 
(548, 'dojouser3', '2025-04-05 0:01:41', 'dojouser3さんが夕食準備を完了しました！'), 
(549, 'ren0712', '2025-04-06 1:44:46', 'ren0712さんがリビング掃除を完了しました！'), 
(550, 'dojouser6', '2025-04-06 7:55:34', 'dojouser6さんが夜ご飯作るを完了しました！'), 
(551, 'dojouser5', '2025-04-06 23:46:15', 'dojouser5さんが食材買い出しを完了しました！'), 
(552, 'dojouser3', '2025-04-07 10:14:04', 'dojouser3さんが朝の洗濯を完了しました！'), 
(553, 'dojouser6', '2025-04-09 9:13:51', 'dojouser6さんが布団干しを完了しました！'), 
(554, 'dojouser4', '2025-04-09 15:18:13', 'dojouser4さんが窓ふきを完了しました！'), 
(555, 'kenta0405', '2025-04-10 0:38:50', 'kenta0405さんが夜お皿洗いを完了しました！'), 
(556, 'ren0712', '2025-04-10 3:57:36', 'ren0712さんが燃えるごみを完了しました！'), 
(557, 'dojouser5', '2025-04-10 8:03:41', 'dojouser5さんが食器洗いを完了しました！'), 
(558, 'hina0303', '2025-04-10 12:04:51', 'hina0303さんが夜ごはん買い出しを完了しました！'), 
(559, 'ren0712', '2025-04-10 13:24:23', 'ren0712さんが夜ごはん調理を完了しました！'), 
(560, 'dojouser4', '2025-04-10 13:50:36', 'dojouser4さんがアイロンがけを完了しました！'), 
(561, 'dojouser4', '2025-04-11 12:38:00', 'dojouser4さんが窓ふきを完了しました！'), 
(562, 'dojouser3', '2025-04-11 17:21:14', 'dojouser3さんが夜ご飯調理を完了しました！'), 
(563, 'dojouser3', '2025-04-11 22:35:14', 'dojouser3さんが窓ふきを完了しました！'), 
(564, 'dojouser5', '2025-04-12 11:53:20', 'dojouser5さんがキッチン排水口掃除を完了しました！'), 
(565, 'kenta0405', '2025-04-12 18:29:52', 'kenta0405さんが燃えるごみを完了しました！'), 
(566, 'hina0303', '2025-04-13 20:42:21', 'hina0303さんがエアコン掃除を完了しました！'), 
(567, 'kenta0405', '2025-04-14 0:53:29', 'kenta0405さんが夜ごはん買い出しを完了しました！'), 
(568, 'hina0303', '2025-04-14 4:13:42', 'hina0303さんが夜ごはん料理を完了しました！'), 
(569, 'himari0105', '2025-04-14 9:43:23', 'himari0105さんが朝ごはん調理を完了しました！'), 
(570, 'kenta0405', '2025-04-15 12:42:51', 'kenta0405さんが洗濯を完了しました！'), 
(571, 'dojouser2', '2025-04-15 16:13:59', 'dojouser2さんが夕食準備を完了しました！'), 
(572, 'kenta0405', '2025-04-16 0:29:41', 'kenta0405さんが洗濯を完了しました！'), 
(573, 'dojouser5', '2025-04-17 3:00:42', 'dojouser5さんが郵便物整理を完了しました！'), 
(574, 'ren0712', '2025-04-17 9:15:37', 'ren0712さんが夜の洗濯を完了しました！'), 
(575, 'dojouser2', '2025-04-17 21:07:29', 'dojouser2さんが猫の朝ごはんを完了しました！'), 
(576, 'dojouser5', '2025-04-18 4:48:06', 'dojouser5さんが食材買い出しを完了しました！'), 
(577, 'himari0105', '2025-04-18 12:23:31', 'himari0105さんがリビング掃除を完了しました！'), 
(578, 'dojouser5', '2025-04-19 6:51:12', 'dojouser5さんが布団干しを完了しました！'), 
(579, 'kenta0405', '2025-04-19 13:31:11', 'kenta0405さんが燃えるごみを完了しました！'), 
(580, 'ren0712', '2025-04-19 23:52:58', 'ren0712さんがお風呂掃除を完了しました！'), 
(581, 'kenta0405', '2025-04-20 9:50:54', 'kenta0405さんが夜お皿洗いを完了しました！'), 
(582, 'kenta0405', '2025-04-20 10:39:39', 'kenta0405さんが夜ごはん料理を完了しました！'), 
(583, 'dojouser3', '2025-04-21 5:13:24', 'dojouser3さんが窓ふきを完了しました！'), 
(584, 'himari0105', '2025-04-22 7:17:07', 'himari0105さんが燃えるごみを完了しました！'), 
(585, 'ren0712', '2025-04-22 10:44:33', 'ren0712さんがお風呂掃除を完了しました！'), 
(586, 'himari0105', '2025-04-22 10:58:17', 'himari0105さんがお風呂掃除を完了しました！'), 
(587, 'ren0712', '2025-04-23 1:54:26', 'ren0712さんが朝ごはん調理を完了しました！'), 
(588, 'dojouser2', '2025-04-23 6:41:02', 'dojouser2さんが夕食準備を完了しました！'), 
(589, 'ren0712', '2025-04-23 15:09:14', 'ren0712さんが燃えるごみを完了しました！'), 
(590, 'dojouser4', '2025-04-24 18:58:22', 'dojouser4さんが猫の朝ごはんを完了しました！'), 
(591, 'kenta0405', '2025-04-25 22:50:30', 'kenta0405さんが夜お皿洗いを完了しました！'), 
(592, 'hina0303', '2025-04-26 22:46:12', 'hina0303さんがエアコン掃除を完了しました！'), 
(593, 'himari0105', '2025-04-27 15:08:03', 'himari0105さんが朝ごはん調理を完了しました！'), 
(594, 'dojouser6', '2025-04-28 4:04:52', 'dojouser6さんがシャツの襟汚れ洗いを完了しました！'), 
(595, 'himari0105', '2025-04-28 6:55:27', 'himari0105さんが朝の洗濯を完了しました！'), 
(596, 'dojouser6', '2025-04-28 16:27:33', 'dojouser6さんが雑巾がけを完了しました！'), 
(597, 'dojouser1', '2025-04-28 20:56:32', 'dojouser1さんが掃除機かけを完了しました！'), 
(598, 'dojouser2', '2025-04-30 18:24:52', 'dojouser2さんが夜ご飯調理を完了しました！'), 
(599, 'kenta0405', '2025-05-02 2:35:38', 'kenta0405さんが燃えるごみを完了しました！'), 
(600, 'ren0712', '2025-05-02 14:31:58', 'ren0712さんが夜ごはん調理を完了しました！'), 
(601, 'kenta0405', '2025-05-03 14:23:28', 'kenta0405さんが燃えるごみを完了しました！'), 
(602, 'kenta0405', '2025-05-03 20:18:56', 'kenta0405さんが洗濯を完了しました！'), 
(603, 'dojouser1', '2025-05-04 23:36:38', 'dojouser1さんが窓ふきを完了しました！'), 
(604, 'dojouser5', '2025-05-05 22:00:50', 'dojouser5さんがキッチン掃除を完了しました！'), 
(605, 'dojouser4', '2025-05-07 4:26:25', 'dojouser4さんがベッドシーツ交換を完了しました！'), 
(606, 'himari0105', '2025-05-07 13:58:58', 'himari0105さんが夜ごはん調理を完了しました！'), 
(607, 'himari0105', '2025-05-07 15:32:22', 'himari0105さんがお風呂掃除を完了しました！'), 
(608, 'dojouser6', '2025-05-07 20:19:23', 'dojouser6さんが布団干しを完了しました！'), 
(609, 'dojouser4', '2025-05-07 21:40:50', 'dojouser4さんが常備菜づくりを完了しました！'), 
(610, 'kenta0405', '2025-05-08 3:28:21', 'kenta0405さんがエアコン掃除を完了しました！'), 
(611, 'dojouser1', '2025-05-08 5:09:39', 'dojouser1さんが朝の洗濯を完了しました！'), 
(612, 'dojouser6', '2025-05-09 3:15:04', 'dojouser6さんが布団干しを完了しました！'), 
(613, 'dojouser5', '2025-05-09 10:00:21', 'dojouser5さんが雑巾がけを完了しました！'), 
(614, 'dojouser3', '2025-05-10 10:30:48', 'dojouser3さんが夜ご飯調理を完了しました！'), 
(615, 'kenta0405', '2025-05-10 19:06:53', 'kenta0405さんが夜お皿洗いを完了しました！'), 
(616, 'dojouser3', '2025-05-14 10:56:26', 'dojouser3さんがアイロンがけを完了しました！'), 
(617, 'dojouser3', '2025-05-14 21:50:41', 'dojouser3さんが窓ふきを完了しました！'), 
(618, 'dojouser5', '2025-05-15 0:10:20', 'dojouser5さんがごみ出し（月曜）を完了しました！'), 
(619, 'dojouser4', '2025-05-15 18:09:02', 'dojouser4さんが猫の夜ご飯を完了しました！'), 
(620, 'kenta0405', '2025-05-16 9:22:29', 'kenta0405さんが洗濯を完了しました！'), 
(621, 'dojouser6', '2025-05-16 13:39:29', 'dojouser6さんが夜ご飯作るを完了しました！'), 
(622, 'dojouser3', '2025-05-16 14:30:16', 'dojouser3さんが窓ふきを完了しました！'), 
(623, 'ren0712', '2025-05-17 8:21:41', 'ren0712さんが燃えるごみを完了しました！'), 
(624, 'hina0303', '2025-05-17 19:55:44', 'hina0303さんが燃えるごみを完了しました！'), 
(625, 'dojouser2', '2025-05-17 20:21:57', 'dojouser2さんが猫の夜ご飯を完了しました！'), 
(626, 'hina0303', '2025-05-18 10:32:54', 'hina0303さんが燃えるごみを完了しました！'), 
(627, 'himari0105', '2025-05-18 22:54:37', 'himari0105さんがトイレ掃除を完了しました！'), 
(628, 'himari0105', '2025-05-20 3:21:46', 'himari0105さんが朝の洗濯を完了しました！'), 
(629, 'dojouser2', '2025-05-20 21:48:48', 'dojouser2さんが洗濯取り込みを完了しました！'), 
(630, 'dojouser2', '2025-05-20 22:01:31', 'dojouser2さんがアイロンがけを完了しました！'), 
(631, 'kenta0405', '2025-05-21 10:15:50', 'kenta0405さんが夜お皿洗いを完了しました！'), 
(632, 'kenta0405', '2025-05-22 4:25:12', 'kenta0405さんがエアコン掃除を完了しました！'), 
(633, 'dojouser1', '2025-05-22 15:17:12', 'dojouser1さんが生ゴミ処理を完了しました！'), 
(634, 'kenta0405', '2025-05-22 23:59:20', 'kenta0405さんが夜ごはん料理を完了しました！'), 
(635, 'dojouser1', '2025-05-23 16:41:53', 'dojouser1さんがベッドシーツ交換を完了しました！'), 
(636, 'dojouser2', '2025-05-23 19:54:13', 'dojouser2さんがお弁当の準備を完了しました！'), 
(637, 'hina0303', '2025-05-24 17:26:19', 'hina0303さんが燃えるごみを完了しました！'), 
(638, 'dojouser6', '2025-05-25 3:36:49', 'dojouser6さんがキッチン排水口掃除を完了しました！'), 
(639, 'dojouser2', '2025-05-25 8:15:12', 'dojouser2さんが猫の朝ごはんを完了しました！'), 
(640, 'dojouser6', '2025-05-25 11:22:16', 'dojouser6さんがキッチン掃除を完了しました！'), 
(641, 'hina0303', '2025-05-25 17:11:24', 'hina0303さんが夜ごはん買い出しを完了しました！'), 
(642, 'dojouser2', '2025-05-25 21:38:06', 'dojouser2さんが朝の洗濯を完了しました！'), 
(643, 'dojouser6', '2025-05-27 14:54:49', 'dojouser6さんがシャツの襟汚れ洗いを完了しました！'), 
(644, 'kenta0405', '2025-05-27 15:41:48', 'kenta0405さんが夜ごはん料理を完了しました！'), 
(645, 'kenta0405', '2025-05-27 19:39:49', 'kenta0405さんが夜ごはん料理を完了しました！'), 
(646, 'dojouser2', '2025-05-29 3:48:49', 'dojouser2さんが掃除機かけを完了しました！'), 
(647, 'ren0712', '2025-05-29 8:19:05', 'ren0712さんが夜ごはん調理を完了しました！'), 
(648, 'dojouser2', '2025-05-30 0:38:52', 'dojouser2さんがお弁当の準備を完了しました！'), 
(649, 'himari0105', '2025-05-30 4:02:06', 'himari0105さんが夜の洗濯を完了しました！'), 
(650, 'kenta0405', '2025-05-30 7:01:54', 'kenta0405さんが夜ごはん料理を完了しました！'), 
(651, 'dojouser5', '2025-05-31 3:25:17', 'dojouser5さんがごみ出し（月曜）を完了しました！'), 
(652, 'dojouser3', '2025-05-31 8:13:49', 'dojouser3さんが朝の洗濯を完了しました！'), 
(653, 'dojouser1', '2025-06-02 5:18:57', 'dojouser1さんが朝の洗濯を完了しました！'), 
(654, 'dojouser3', '2025-06-02 18:12:30', 'dojouser3さんが猫の夜ご飯を完了しました！'), 
(655, 'kenta0405', '2025-06-02 20:53:42', 'kenta0405さんが夜ごはん買い出しを完了しました！'), 
(656, 'himari0105', '2025-06-03 4:31:58', 'himari0105さんがお風呂掃除を完了しました！'), 
(657, 'dojouser5', '2025-06-03 17:02:47', 'dojouser5さんがキッチン掃除を完了しました！'), 
(658, 'hina0303', '2025-06-03 19:00:02', 'hina0303さんが洗濯を完了しました！'), 
(659, 'dojouser2', '2025-06-04 1:25:05', 'dojouser2さんが常備菜づくりを完了しました！'), 
(660, 'hina0303', '2025-06-04 14:39:09', 'hina0303さんがエアコン掃除を完了しました！'), 
(661, 'ren0712', '2025-06-04 23:51:45', 'ren0712さんがリビング掃除を完了しました！'), 
(662, 'kenta0405', '2025-06-05 1:18:47', 'kenta0405さんが燃えるごみを完了しました！'), 
(663, 'ren0712', '2025-06-05 10:05:34', 'ren0712さんが夜の洗濯を完了しました！'), 
(664, 'dojouser4', '2025-06-05 22:23:20', 'dojouser4さんが洗濯干しを完了しました！'), 
(665, 'dojouser1', '2025-06-06 18:43:52', 'dojouser1さんがアイロンがけを完了しました！'), 
(666, 'dojouser1', '2025-06-07 8:28:36', 'dojouser1さんが猫の朝ごはんを完了しました！'), 
(667, 'hina0303', '2025-06-07 20:20:45', 'hina0303さんが夜ごはん料理を完了しました！'), 
(668, 'ren0712', '2025-06-08 6:58:17', 'ren0712さんがお風呂掃除を完了しました！'), 
(669, 'kenta0405', '2025-06-08 9:46:06', 'kenta0405さんがエアコン掃除を完了しました！'), 
(670, 'ren0712', '2025-06-08 10:54:41', 'ren0712さんが朝ごはん調理を完了しました！'), 
(671, 'himari0105', '2025-06-09 2:47:26', 'himari0105さんが燃えるごみを完了しました！'), 
(672, 'dojouser1', '2025-06-09 12:50:08', 'dojouser1さんが洗濯干しを完了しました！'), 
(673, 'kenta0405', '2025-06-10 17:52:16', 'kenta0405さんが夜ごはん買い出しを完了しました！'), 
(674, 'dojouser4', '2025-06-11 9:05:12', 'dojouser4さんがお弁当の準備を完了しました！'), 
(675, 'dojouser5', '2025-06-11 22:31:45', 'dojouser5さんが夜ご飯作るを完了しました！'), 
(676, 'dojouser6', '2025-06-12 2:09:03', 'dojouser6さんが夜ご飯作るを完了しました！'), 
(677, 'dojouser3', '2025-06-12 2:19:29', 'dojouser3さんが掃除機かけを完了しました！'), 
(678, 'dojouser5', '2025-06-12 7:16:54', 'dojouser5さんが食材買い出しを完了しました！'), 
(679, 'kenta0405', '2025-06-12 13:40:25', 'kenta0405さんがエアコン掃除を完了しました！'), 
(680, 'dojouser2', '2025-06-13 0:47:56', 'dojouser2さんが夕食準備を完了しました！'), 
(681, 'dojouser5', '2025-06-14 11:23:37', 'dojouser5さんが布団干しを完了しました！'), 
(682, 'ren0712', '2025-06-14 19:05:03', 'ren0712さんが朝ごはん調理を完了しました！'), 
(683, 'kenta0405', '2025-06-15 15:14:47', 'kenta0405さんが夜お皿洗いを完了しました！'), 
(684, 'dojouser5', '2025-06-15 16:37:17', 'dojouser5さんがごみ出し（月曜）を完了しました！'), 
(685, 'ren0712', '2025-06-15 20:14:46', 'ren0712さんが朝ごはん調理を完了しました！'), 
(686, 'hina0303', '2025-06-17 9:29:34', 'hina0303さんが燃えるごみを完了しました！'), 
(687, 'dojouser2', '2025-06-17 20:51:02', 'dojouser2さんが夜ご飯調理を完了しました！'), 
(688, 'dojouser4', '2025-06-17 23:11:50', 'dojouser4さんが生ゴミ処理を完了しました！'), 
(689, 'hina0303', '2025-06-18 6:37:35', 'hina0303さんが夜お皿洗いを完了しました！'), 
(690, 'dojouser3', '2025-06-18 17:56:49', 'dojouser3さんが窓ふきを完了しました！'), 
(691, 'hina0303', '2025-06-29 3:04:26', 'hina0303さんが夜ごはん買い出しを完了しました！'), 
(692, 'dojouser1', '2025-06-29 4:39:31', 'dojouser1さんが窓ふきを完了しました！'), 
(693, 'dojouser5', '2025-06-29 5:30:34', 'dojouser5さんが布団干しを完了しました！'), 
(694, 'dojouser1', '2025-06-29 6:32:59', 'dojouser1さんが米とぎを完了しました！'), 
(695, 'dojouser3', '2025-06-29 7:38:33', 'dojouser3さんが夕食準備を完了しました！'), 
(696, 'ren0712', '2025-06-29 12:41:16', 'ren0712さんがペットボトルごみを完了しました！'), 
(697, 'kenta0405', '2025-06-29 17:44:42', 'kenta0405さんが燃えるごみを完了しました！'), 
(698, 'himari0105', '2025-06-29 18:05:27', 'himari0105さんがペットボトルごみを完了しました！'), 
(699, 'dojouser6', '2025-06-29 19:00:00', 'dojouser6さんが食材買い出しを完了しました！'), 
(700, 'dojouser5', '2025-06-29 21:50:45', 'dojouser5さんが公共料金支払いを完了しました！');


INSERT INTO achievement (achieve_id, user_id, family_id, housework_id, date, achieve_history) VALUES
(1, 'kenta0405', 'saku0718', 14, '2024-06-02', 3), 
(2, 'dojouser2', 'plus2025', 22, '2024-06-02', 4), 
(3, 'hina0303', 'saku0718', 15, '2024-06-02', 4), 
(4, 'dojouser2', 'plus2025', 49, '2024-06-02', 3), 
(5, 'kenta0405', 'saku0718', 15, '2024-06-05', 4), 
(6, 'dojouser1', 'plus2025', 21, '2024-06-05', 2), 
(7, 'kenta0405', 'saku0718', 11, '2024-06-05', 3), 
(8, 'dojouser4', 'plus2025', 18, '2024-06-07', 1), 
(9, 'dojouser4', 'plus2025', 49, '2024-06-07', 3), 
(10, 'dojouser6', 'se2025', 36, '2024-06-07', 2), 
(11, 'dojouser3', 'plus2025', 21, '2024-06-07', 2), 
(12, 'dojouser1', 'plus2025', 31, '2024-06-08', 3), 
(13, 'dojouser1', 'plus2025', 20, '2024-06-08', 3), 
(14, 'dojouser1', 'plus2025', 43, '2024-06-10', 1), 
(15, 'dojouser1', 'plus2025', 41, '2024-06-11', 2), 
(16, 'dojouser2', 'plus2025', 37, '2024-06-11', 3), 
(17, 'dojouser4', 'plus2025', 16, '2024-06-12', 2), 
(18, 'dojouser6', 'se2025', 34, '2024-06-12', 4), 
(19, 'himari0105', 'sato0611', 9, '2024-06-12', 1), 
(20, 'dojouser5', 'se2025', 36, '2024-06-12', 2), 
(21, 'kenta0405', 'saku0718', 11, '2024-06-13', 3), 
(22, 'dojouser5', 'se2025', 27, '2024-06-14', 2), 
(23, 'dojouser2', 'plus2025', 35, '2024-06-14', 3), 
(24, 'himari0105', 'sato0611', 6, '2024-06-14', 3), 
(25, 'kenta0405', 'saku0718', 10, '2024-06-15', 2), 
(26, 'dojouser1', 'plus2025', 41, '2024-06-17', 2), 
(27, 'ren0712', 'sato0611', 9, '2024-06-17', 1), 
(28, 'hina0303', 'saku0718', 14, '2024-06-19', 3), 
(29, 'dojouser4', 'plus2025', 39, '2024-06-19', 5), 
(30, 'dojouser4', 'plus2025', 39, '2024-06-20', 5), 
(31, 'dojouser2', 'plus2025', 45, '2024-06-20', 4), 
(32, 'himari0105', 'sato0611', 4, '2024-06-20', 4), 
(33, 'ren0712', 'sato0611', 2, '2024-06-21', 2), 
(34, 'dojouser2', 'plus2025', 33, '2024-06-21', 2), 
(35, 'dojouser4', 'plus2025', 16, '2024-06-21', 2), 
(36, 'dojouser1', 'plus2025', 35, '2024-06-21', 3), 
(37, 'dojouser4', 'plus2025', 37, '2024-06-25', 3), 
(38, 'kenta0405', 'saku0718', 10, '2024-06-25', 2), 
(39, 'dojouser6', 'se2025', 34, '2024-06-26', 4), 
(40, 'dojouser4', 'plus2025', 17, '2024-06-26', 1), 
(41, 'dojouser4', 'plus2025', 19, '2024-06-27', 2), 
(42, 'himari0105', 'sato0611', 2, '2024-06-28', 2), 
(43, 'dojouser1', 'plus2025', 37, '2024-06-28', 3), 
(44, 'dojouser1', 'plus2025', 22, '2024-06-29', 4), 
(45, 'dojouser1', 'plus2025', 41, '2024-06-29', 2), 
(46, 'dojouser3', 'plus2025', 19, '2024-06-29', 2), 
(47, 'hina0303', 'saku0718', 15, '2024-06-29', 4), 
(48, 'dojouser4', 'plus2025', 18, '2024-06-29', 1), 
(49, 'dojouser6', 'se2025', 36, '2024-06-29', 2), 
(50, 'ren0712', 'sato0611', 1, '2024-06-30', 2), 
(51, 'dojouser3', 'plus2025', 33, '2024-07-01', 2), 
(52, 'hina0303', 'saku0718', 15, '2024-07-01', 4), 
(53, 'dojouser4', 'plus2025', 41, '2024-07-01', 2), 
(54, 'dojouser2', 'plus2025', 49, '2024-07-01', 3), 
(55, 'kenta0405', 'saku0718', 13, '2024-07-02', 2), 
(56, 'dojouser4', 'plus2025', 45, '2024-07-03', 4), 
(57, 'ren0712', 'sato0611', 4, '2024-07-03', 4), 
(58, 'dojouser4', 'plus2025', 45, '2024-07-04', 4), 
(59, 'dojouser5', 'se2025', 34, '2024-07-05', 4), 
(60, 'dojouser1', 'plus2025', 39, '2024-07-06', 5), 
(61, 'ren0712', 'sato0611', 9, '2024-07-06', 1), 
(62, 'ren0712', 'sato0611', 7, '2024-07-06', 3), 
(63, 'dojouser4', 'plus2025', 41, '2024-07-07', 2), 
(64, 'hina0303', 'saku0718', 15, '2024-07-07', 4), 
(65, 'hina0303', 'saku0718', 13, '2024-07-08', 2), 
(66, 'hina0303', 'saku0718', 15, '2024-07-08', 4), 
(67, 'dojouser1', 'plus2025', 22, '2024-07-09', 4), 
(68, 'himari0105', 'sato0611', 3, '2024-07-09', 3), 
(69, 'dojouser5', 'se2025', 36, '2024-07-09', 2), 
(70, 'dojouser4', 'plus2025', 17, '2024-07-10', 1), 
(71, 'dojouser5', 'se2025', 28, '2024-07-10', 2), 
(72, 'dojouser1', 'plus2025', 18, '2024-07-10', 1), 
(73, 'kenta0405', 'saku0718', 15, '2024-07-11', 4), 
(74, 'himari0105', 'sato0611', 5, '2024-07-11', 2), 
(75, 'ren0712', 'sato0611', 2, '2024-07-11', 2), 
(76, 'dojouser4', 'plus2025', 49, '2024-07-15', 3), 
(77, 'dojouser4', 'plus2025', 16, '2024-07-16', 2), 
(78, 'dojouser3', 'plus2025', 19, '2024-07-16', 2), 
(79, 'dojouser2', 'plus2025', 43, '2024-07-18', 1), 
(80, 'kenta0405', 'saku0718', 15, '2024-07-18', 4), 
(81, 'dojouser6', 'se2025', 42, '2024-07-18', 3), 
(82, 'dojouser6', 'se2025', 46, '2024-07-18', 5), 
(83, 'himari0105', 'sato0611', 3, '2024-07-18', 3), 
(84, 'hina0303', 'saku0718', 12, '2024-07-19', 1), 
(85, 'dojouser6', 'se2025', 28, '2024-07-19', 2), 
(86, 'dojouser3', 'plus2025', 17, '2024-07-19', 1), 
(87, 'kenta0405', 'saku0718', 14, '2024-07-20', 3), 
(88, 'ren0712', 'sato0611', 8, '2024-07-20', 2), 
(89, 'himari0105', 'sato0611', 8, '2024-07-23', 2), 
(90, 'dojouser6', 'se2025', 30, '2024-07-23', 3), 
(91, 'kenta0405', 'saku0718', 13, '2024-07-23', 2), 
(92, 'dojouser4', 'plus2025', 41, '2024-07-23', 2), 
(93, 'dojouser6', 'se2025', 50, '2024-07-25', 2), 
(94, 'himari0105', 'sato0611', 5, '2024-07-25', 2), 
(95, 'dojouser6', 'se2025', 38, '2024-07-26', 4), 
(96, 'himari0105', 'sato0611', 4, '2024-07-26', 4), 
(97, 'ren0712', 'sato0611', 5, '2024-07-27', 2), 
(98, 'hina0303', 'saku0718', 12, '2024-07-27', 1), 
(99, 'dojouser3', 'plus2025', 20, '2024-07-27', 3), 
(100, 'himari0105', 'sato0611', 1, '2024-07-28', 2), 
(101, 'dojouser3', 'plus2025', 31, '2024-07-28', 3), 
(102, 'ren0712', 'sato0611', 4, '2024-07-28', 4), 
(103, 'dojouser5', 'se2025', 30, '2024-07-28', 3), 
(104, 'himari0105', 'sato0611', 8, '2024-07-30', 2), 
(105, 'dojouser3', 'plus2025', 18, '2024-07-31', 1), 
(106, 'ren0712', 'sato0611', 1, '2024-07-31', 2), 
(107, 'ren0712', 'sato0611', 8, '2024-07-31', 2), 
(108, 'dojouser5', 'se2025', 40, '2024-08-01', 3), 
(109, 'dojouser3', 'plus2025', 47, '2024-08-01', 2), 
(110, 'dojouser3', 'plus2025', 21, '2024-08-02', 2), 
(111, 'dojouser6', 'se2025', 38, '2024-08-02', 4), 
(112, 'dojouser2', 'plus2025', 39, '2024-08-03', 5), 
(113, 'dojouser5', 'se2025', 38, '2024-08-03', 4), 
(114, 'dojouser4', 'plus2025', 45, '2024-08-03', 4), 
(115, 'hina0303', 'saku0718', 14, '2024-08-03', 3), 
(116, 'himari0105', 'sato0611', 9, '2024-08-05', 1), 
(117, 'kenta0405', 'saku0718', 12, '2024-08-06', 1), 
(118, 'dojouser2', 'plus2025', 43, '2024-08-07', 1), 
(119, 'himari0105', 'sato0611', 1, '2024-08-08', 2), 
(120, 'himari0105', 'sato0611', 4, '2024-08-09', 4), 
(121, 'kenta0405', 'saku0718', 15, '2024-08-09', 4), 
(122, 'himari0105', 'sato0611', 8, '2024-08-09', 2), 
(123, 'dojouser1', 'plus2025', 19, '2024-08-10', 2), 
(124, 'ren0712', 'sato0611', 9, '2024-08-10', 1), 
(125, 'dojouser3', 'plus2025', 33, '2024-08-11', 2), 
(126, 'dojouser1', 'plus2025', 33, '2024-08-11', 2), 
(127, 'dojouser1', 'plus2025', 17, '2024-08-12', 1), 
(128, 'dojouser4', 'plus2025', 39, '2024-08-12', 5), 
(129, 'dojouser3', 'plus2025', 17, '2024-08-12', 1), 
(130, 'dojouser1', 'plus2025', 33, '2024-08-14', 2), 
(131, 'dojouser1', 'plus2025', 22, '2024-08-15', 4), 
(132, 'kenta0405', 'saku0718', 14, '2024-08-15', 3), 
(133, 'dojouser1', 'plus2025', 47, '2024-08-15', 2), 
(134, 'dojouser1', 'plus2025', 35, '2024-08-16', 3), 
(135, 'hina0303', 'saku0718', 11, '2024-08-17', 3), 
(136, 'himari0105', 'sato0611', 8, '2024-08-17', 2), 
(137, 'ren0712', 'sato0611', 5, '2024-08-19', 2), 
(138, 'dojouser4', 'plus2025', 20, '2024-08-19', 3), 
(139, 'hina0303', 'saku0718', 13, '2024-08-20', 2), 
(140, 'dojouser3', 'plus2025', 39, '2024-08-20', 5), 
(141, 'himari0105', 'sato0611', 8, '2024-08-20', 2), 
(142, 'ren0712', 'sato0611', 7, '2024-08-21', 3), 
(143, 'dojouser4', 'plus2025', 16, '2024-08-21', 2), 
(144, 'dojouser1', 'plus2025', 47, '2024-08-22', 2), 
(145, 'himari0105', 'sato0611', 1, '2024-08-22', 2), 
(146, 'kenta0405', 'saku0718', 13, '2024-08-22', 2), 
(147, 'ren0712', 'sato0611', 6, '2024-08-23', 3), 
(148, 'kenta0405', 'saku0718', 14, '2024-08-23', 3), 
(149, 'himari0105', 'sato0611', 3, '2024-08-24', 3), 
(150, 'hina0303', 'saku0718', 15, '2024-08-26', 4), 
(151, 'dojouser4', 'plus2025', 45, '2024-08-26', 4), 
(152, 'kenta0405', 'saku0718', 15, '2024-08-27', 4), 
(153, 'dojouser4', 'plus2025', 39, '2024-08-27', 5), 
(154, 'himari0105', 'sato0611', 7, '2024-08-28', 3), 
(155, 'dojouser2', 'plus2025', 21, '2024-08-28', 2), 
(156, 'dojouser5', 'se2025', 46, '2024-08-29', 5), 
(157, 'dojouser5', 'se2025', 50, '2024-08-29', 2), 
(158, 'dojouser5', 'se2025', 28, '2024-08-30', 2), 
(159, 'dojouser2', 'plus2025', 18, '2024-08-31', 1), 
(160, 'dojouser6', 'se2025', 34, '2024-09-01', 4), 
(161, 'dojouser6', 'se2025', 26, '2024-09-01', 4), 
(162, 'dojouser1', 'plus2025', 22, '2024-09-01', 4), 
(163, 'dojouser6', 'se2025', 46, '2024-09-02', 5), 
(164, 'dojouser1', 'plus2025', 49, '2024-09-02', 3), 
(165, 'dojouser1', 'plus2025', 20, '2024-09-02', 3), 
(166, 'ren0712', 'sato0611', 3, '2024-09-03', 3), 
(167, 'dojouser2', 'plus2025', 41, '2024-09-03', 2), 
(168, 'dojouser2', 'plus2025', 39, '2024-09-04', 5), 
(169, 'ren0712', 'sato0611', 4, '2024-09-06', 4), 
(170, 'himari0105', 'sato0611', 5, '2024-09-06', 2), 
(171, 'kenta0405', 'saku0718', 10, '2024-09-07', 2), 
(172, 'dojouser1', 'plus2025', 35, '2024-09-08', 3), 
(173, 'dojouser5', 'se2025', 32, '2024-09-08', 2), 
(174, 'dojouser5', 'se2025', 42, '2024-09-08', 3), 
(175, 'hina0303', 'saku0718', 12, '2024-09-08', 1), 
(176, 'hina0303', 'saku0718', 12, '2024-09-09', 1), 
(177, 'hina0303', 'saku0718', 12, '2024-09-09', 1), 
(178, 'dojouser5', 'se2025', 48, '2024-09-09', 4), 
(179, 'dojouser1', 'plus2025', 39, '2024-09-10', 5), 
(180, 'dojouser6', 'se2025', 42, '2024-09-10', 3), 
(181, 'dojouser2', 'plus2025', 21, '2024-09-11', 2), 
(182, 'hina0303', 'saku0718', 10, '2024-09-12', 2), 
(183, 'dojouser2', 'plus2025', 21, '2024-09-13', 2), 
(184, 'ren0712', 'sato0611', 1, '2024-09-13', 2), 
(185, 'dojouser3', 'plus2025', 33, '2024-09-13', 2), 
(186, 'himari0105', 'sato0611', 4, '2024-09-14', 4), 
(187, 'kenta0405', 'saku0718', 14, '2024-09-14', 3), 
(188, 'dojouser6', 'se2025', 28, '2024-09-15', 2), 
(189, 'dojouser6', 'se2025', 25, '2024-09-15', 2), 
(190, 'dojouser2', 'plus2025', 45, '2024-09-15', 4), 
(191, 'dojouser4', 'plus2025', 37, '2024-09-16', 3), 
(192, 'himari0105', 'sato0611', 9, '2024-09-17', 1), 
(193, 'hina0303', 'saku0718', 13, '2024-09-17', 2), 
(194, 'dojouser6', 'se2025', 24, '2024-09-17', 3), 
(195, 'dojouser3', 'plus2025', 19, '2024-09-18', 2), 
(196, 'dojouser4', 'plus2025', 22, '2024-09-19', 4), 
(197, 'hina0303', 'saku0718', 10, '2024-09-19', 2), 
(198, 'kenta0405', 'saku0718', 11, '2024-09-20', 3), 
(199, 'dojouser1', 'plus2025', 39, '2024-09-20', 5), 
(200, 'dojouser2', 'plus2025', 19, '2024-09-23', 2), 
(201, 'dojouser5', 'se2025', 44, '2024-09-23', 1), 
(202, 'dojouser2', 'plus2025', 49, '2024-09-23', 3), 
(203, 'dojouser6', 'se2025', 38, '2024-09-24', 4), 
(204, 'dojouser3', 'plus2025', 22, '2024-09-25', 4), 
(205, 'dojouser4', 'plus2025', 20, '2024-09-25', 3), 
(206, 'himari0105', 'sato0611', 9, '2024-09-25', 1), 
(207, 'dojouser6', 'se2025', 42, '2024-09-25', 3), 
(208, 'dojouser4', 'plus2025', 31, '2024-09-25', 3), 
(209, 'dojouser2', 'plus2025', 49, '2024-09-26', 3), 
(210, 'dojouser4', 'plus2025', 19, '2024-09-26', 2), 
(211, 'hina0303', 'saku0718', 15, '2024-09-27', 4), 
(212, 'hina0303', 'saku0718', 11, '2024-09-27', 3), 
(213, 'dojouser4', 'plus2025', 31, '2024-09-27', 3), 
(214, 'dojouser3', 'plus2025', 41, '2024-09-27', 2), 
(215, 'ren0712', 'sato0611', 2, '2024-09-27', 2), 
(216, 'dojouser1', 'plus2025', 47, '2024-09-27', 2), 
(217, 'hina0303', 'saku0718', 10, '2024-09-28', 2), 
(218, 'hina0303', 'saku0718', 13, '2024-09-28', 2), 
(219, 'himari0105', 'sato0611', 8, '2024-09-28', 2), 
(220, 'himari0105', 'sato0611', 4, '2024-09-30', 4), 
(221, 'hina0303', 'saku0718', 15, '2024-10-01', 4), 
(222, 'dojouser4', 'plus2025', 41, '2024-10-01', 2), 
(223, 'dojouser5', 'se2025', 50, '2024-10-01', 2), 
(224, 'kenta0405', 'saku0718', 14, '2024-10-02', 3), 
(225, 'hina0303', 'saku0718', 12, '2024-10-02', 1), 
(226, 'dojouser6', 'se2025', 42, '2024-10-02', 3), 
(227, 'dojouser1', 'plus2025', 31, '2024-10-02', 3), 
(228, 'himari0105', 'sato0611', 8, '2024-10-04', 2), 
(229, 'dojouser5', 'se2025', 32, '2024-10-04', 2), 
(230, 'dojouser6', 'se2025', 23, '2024-10-04', 3), 
(231, 'dojouser5', 'se2025', 46, '2024-10-05', 5), 
(232, 'ren0712', 'sato0611', 9, '2024-10-05', 1), 
(233, 'dojouser4', 'plus2025', 35, '2024-10-05', 3), 
(234, 'ren0712', 'sato0611', 3, '2024-10-05', 3), 
(235, 'hina0303', 'saku0718', 10, '2024-10-06', 2), 
(236, 'kenta0405', 'saku0718', 11, '2024-10-06', 3), 
(237, 'dojouser3', 'plus2025', 20, '2024-10-07', 3), 
(238, 'dojouser1', 'plus2025', 16, '2024-10-07', 2), 
(239, 'dojouser2', 'plus2025', 49, '2024-10-08', 3), 
(240, 'dojouser5', 'se2025', 23, '2024-10-10', 3), 
(241, 'kenta0405', 'saku0718', 15, '2024-10-10', 4), 
(242, 'dojouser6', 'se2025', 40, '2024-10-10', 3), 
(243, 'dojouser5', 'se2025', 27, '2024-10-10', 2), 
(244, 'dojouser6', 'se2025', 34, '2024-10-10', 4), 
(245, 'hina0303', 'saku0718', 13, '2024-10-11', 2), 
(246, 'hina0303', 'saku0718', 15, '2024-10-12', 4), 
(247, 'dojouser2', 'plus2025', 17, '2024-10-12', 1), 
(248, 'hina0303', 'saku0718', 12, '2024-10-12', 1), 
(249, 'kenta0405', 'saku0718', 12, '2024-10-12', 1), 
(250, 'kenta0405', 'saku0718', 11, '2024-10-13', 3), 
(251, 'dojouser5', 'se2025', 27, '2024-10-14', 2), 
(252, 'hina0303', 'saku0718', 14, '2024-10-14', 3), 
(253, 'ren0712', 'sato0611', 7, '2024-10-14', 3), 
(254, 'himari0105', 'sato0611', 2, '2024-10-16', 2), 
(255, 'dojouser3', 'plus2025', 45, '2024-10-16', 4), 
(256, 'dojouser3', 'plus2025', 43, '2024-10-16', 1), 
(257, 'dojouser6', 'se2025', 28, '2024-10-16', 2), 
(258, 'dojouser5', 'se2025', 24, '2024-10-18', 3), 
(259, 'dojouser2', 'plus2025', 19, '2024-10-18', 2), 
(260, 'himari0105', 'sato0611', 2, '2024-10-18', 2), 
(261, 'ren0712', 'sato0611', 6, '2024-10-18', 3), 
(262, 'dojouser2', 'plus2025', 31, '2024-10-18', 3), 
(263, 'hina0303', 'saku0718', 14, '2024-10-18', 3), 
(264, 'dojouser2', 'plus2025', 20, '2024-10-19', 3), 
(265, 'dojouser1', 'plus2025', 33, '2024-10-19', 2), 
(266, 'dojouser1', 'plus2025', 39, '2024-10-19', 5), 
(267, 'dojouser1', 'plus2025', 47, '2024-10-22', 2), 
(268, 'dojouser3', 'plus2025', 35, '2024-10-22', 3), 
(269, 'ren0712', 'sato0611', 1, '2024-10-24', 2), 
(270, 'dojouser5', 'se2025', 40, '2024-10-24', 3), 
(271, 'dojouser2', 'plus2025', 49, '2024-10-25', 3), 
(272, 'dojouser5', 'se2025', 25, '2024-10-25', 2), 
(273, 'dojouser5', 'se2025', 25, '2024-10-26', 2), 
(274, 'dojouser3', 'plus2025', 22, '2024-10-28', 4), 
(275, 'dojouser1', 'plus2025', 43, '2024-10-29', 1), 
(276, 'dojouser1', 'plus2025', 43, '2024-10-29', 1), 
(277, 'himari0105', 'sato0611', 8, '2024-10-30', 2), 
(278, 'hina0303', 'saku0718', 13, '2024-10-31', 2), 
(279, 'dojouser4', 'plus2025', 35, '2024-10-31', 3), 
(280, 'dojouser5', 'se2025', 46, '2024-11-01', 5), 
(281, 'himari0105', 'sato0611', 3, '2024-11-01', 3), 
(282, 'dojouser2', 'plus2025', 33, '2024-11-04', 2), 
(283, 'hina0303', 'saku0718', 11, '2024-11-05', 3), 
(284, 'hina0303', 'saku0718', 13, '2024-11-05', 2), 
(285, 'dojouser1', 'plus2025', 35, '2024-11-06', 3), 
(286, 'dojouser1', 'plus2025', 17, '2024-11-07', 1), 
(287, 'himari0105', 'sato0611', 7, '2024-11-08', 3), 
(288, 'hina0303', 'saku0718', 11, '2024-11-10', 3), 
(289, 'dojouser2', 'plus2025', 37, '2024-11-11', 3), 
(290, 'ren0712', 'sato0611', 6, '2024-11-13', 3), 
(291, 'himari0105', 'sato0611', 9, '2024-11-13', 1), 
(292, 'dojouser3', 'plus2025', 41, '2024-11-13', 2), 
(293, 'kenta0405', 'saku0718', 10, '2024-11-14', 2), 
(294, 'dojouser6', 'se2025', 28, '2024-11-15', 2), 
(295, 'kenta0405', 'saku0718', 14, '2024-11-15', 3), 
(296, 'hina0303', 'saku0718', 15, '2024-11-15', 4), 
(297, 'dojouser1', 'plus2025', 45, '2024-11-16', 4), 
(298, 'dojouser6', 'se2025', 29, '2024-11-17', 1), 
(299, 'dojouser6', 'se2025', 27, '2024-11-19', 2), 
(300, 'dojouser1', 'plus2025', 39, '2024-11-20', 5), 
(301, 'kenta0405', 'saku0718', 13, '2024-11-20', 2), 
(302, 'himari0105', 'sato0611', 7, '2024-11-21', 3), 
(303, 'dojouser5', 'se2025', 34, '2024-11-21', 4), 
(304, 'ren0712', 'sato0611', 4, '2024-11-21', 4), 
(305, 'kenta0405', 'saku0718', 15, '2024-11-22', 4), 
(306, 'hina0303', 'saku0718', 15, '2024-11-22', 4), 
(307, 'ren0712', 'sato0611', 2, '2024-11-22', 2), 
(308, 'dojouser4', 'plus2025', 18, '2024-11-22', 1), 
(309, 'dojouser4', 'plus2025', 47, '2024-11-23', 2), 
(310, 'ren0712', 'sato0611', 9, '2024-11-24', 1), 
(311, 'dojouser1', 'plus2025', 49, '2024-11-24', 3), 
(312, 'kenta0405', 'saku0718', 12, '2024-11-24', 1), 
(313, 'dojouser2', 'plus2025', 47, '2024-11-25', 2), 
(314, 'kenta0405', 'saku0718', 13, '2024-11-25', 2), 
(315, 'kenta0405', 'saku0718', 14, '2024-11-25', 3), 
(316, 'ren0712', 'sato0611', 2, '2024-11-26', 2), 
(317, 'ren0712', 'sato0611', 2, '2024-11-28', 2), 
(318, 'dojouser6', 'se2025', 30, '2024-11-30', 3), 
(319, 'himari0105', 'sato0611', 9, '2024-11-30', 1), 
(320, 'dojouser5', 'se2025', 46, '2024-12-01', 5), 
(321, 'hina0303', 'saku0718', 13, '2024-12-02', 2), 
(322, 'dojouser2', 'plus2025', 19, '2024-12-02', 2), 
(323, 'dojouser5', 'se2025', 42, '2024-12-03', 3), 
(324, 'himari0105', 'sato0611', 1, '2024-12-03', 2), 
(325, 'dojouser1', 'plus2025', 16, '2024-12-04', 2), 
(326, 'dojouser4', 'plus2025', 17, '2024-12-04', 1), 
(327, 'dojouser4', 'plus2025', 47, '2024-12-04', 2), 
(328, 'hina0303', 'saku0718', 11, '2024-12-05', 3), 
(329, 'ren0712', 'sato0611', 2, '2024-12-05', 2), 
(330, 'dojouser4', 'plus2025', 49, '2024-12-05', 3), 
(331, 'dojouser5', 'se2025', 40, '2024-12-06', 3), 
(332, 'himari0105', 'sato0611', 1, '2024-12-08', 2), 
(333, 'dojouser5', 'se2025', 38, '2024-12-09', 4), 
(334, 'dojouser1', 'plus2025', 37, '2024-12-09', 3), 
(335, 'dojouser2', 'plus2025', 19, '2024-12-09', 2), 
(336, 'dojouser6', 'se2025', 24, '2024-12-09', 3), 
(337, 'dojouser4', 'plus2025', 37, '2024-12-10', 3), 
(338, 'kenta0405', 'saku0718', 12, '2024-12-11', 1), 
(339, 'kenta0405', 'saku0718', 10, '2024-12-11', 2), 
(340, 'ren0712', 'sato0611', 6, '2024-12-11', 3), 
(341, 'dojouser6', 'se2025', 30, '2024-12-12', 3), 
(342, 'dojouser2', 'plus2025', 49, '2024-12-13', 3), 
(343, 'dojouser2', 'plus2025', 17, '2024-12-14', 1), 
(344, 'dojouser3', 'plus2025', 16, '2024-12-14', 2), 
(345, 'dojouser1', 'plus2025', 45, '2024-12-14', 4), 
(346, 'dojouser4', 'plus2025', 22, '2024-12-15', 4), 
(347, 'dojouser1', 'plus2025', 45, '2024-12-16', 4), 
(348, 'kenta0405', 'saku0718', 14, '2024-12-16', 3), 
(349, 'himari0105', 'sato0611', 1, '2024-12-17', 2), 
(350, 'himari0105', 'sato0611', 5, '2024-12-17', 2), 
(351, 'dojouser3', 'plus2025', 49, '2024-12-17', 3), 
(352, 'dojouser5', 'se2025', 46, '2024-12-17', 5), 
(353, 'himari0105', 'sato0611', 1, '2024-12-18', 2), 
(354, 'dojouser1', 'plus2025', 35, '2024-12-18', 3), 
(355, 'dojouser2', 'plus2025', 21, '2024-12-18', 2), 
(356, 'dojouser3', 'plus2025', 39, '2024-12-20', 5), 
(357, 'dojouser6', 'se2025', 38, '2024-12-20', 4), 
(358, 'ren0712', 'sato0611', 2, '2024-12-20', 2), 
(359, 'dojouser5', 'se2025', 23, '2024-12-21', 3), 
(360, 'dojouser5', 'se2025', 29, '2024-12-22', 1), 
(361, 'kenta0405', 'saku0718', 13, '2024-12-22', 2), 
(362, 'dojouser6', 'se2025', 34, '2024-12-23', 4), 
(363, 'kenta0405', 'saku0718', 10, '2024-12-23', 2), 
(364, 'dojouser4', 'plus2025', 31, '2024-12-24', 3), 
(365, 'dojouser4', 'plus2025', 21, '2024-12-24', 2), 
(366, 'kenta0405', 'saku0718', 12, '2024-12-25', 1), 
(367, 'dojouser4', 'plus2025', 35, '2024-12-26', 3), 
(368, 'himari0105', 'sato0611', 7, '2024-12-26', 3), 
(369, 'dojouser3', 'plus2025', 18, '2024-12-26', 1), 
(370, 'dojouser6', 'se2025', 38, '2024-12-27', 4), 
(371, 'dojouser2', 'plus2025', 37, '2024-12-27', 3), 
(372, 'dojouser3', 'plus2025', 21, '2024-12-27', 2), 
(373, 'dojouser3', 'plus2025', 20, '2024-12-29', 3), 
(374, 'dojouser6', 'se2025', 36, '2024-12-29', 2), 
(375, 'dojouser2', 'plus2025', 18, '2024-12-30', 1), 
(376, 'dojouser4', 'plus2025', 17, '2024-12-30', 1), 
(377, 'himari0105', 'sato0611', 9, '2025-01-01', 1), 
(378, 'dojouser1', 'plus2025', 18, '2025-01-01', 1), 
(379, 'dojouser3', 'plus2025', 35, '2025-01-01', 3), 
(380, 'dojouser4', 'plus2025', 20, '2025-01-02', 3), 
(381, 'dojouser1', 'plus2025', 35, '2025-01-02', 3), 
(382, 'dojouser3', 'plus2025', 21, '2025-01-03', 2), 
(383, 'dojouser6', 'se2025', 30, '2025-01-03', 3), 
(384, 'kenta0405', 'saku0718', 12, '2025-01-03', 1), 
(385, 'dojouser3', 'plus2025', 49, '2025-01-03', 3), 
(386, 'ren0712', 'sato0611', 3, '2025-01-03', 3), 
(387, 'dojouser2', 'plus2025', 43, '2025-01-04', 1), 
(388, 'ren0712', 'sato0611', 1, '2025-01-04', 2), 
(389, 'dojouser2', 'plus2025', 21, '2025-01-05', 2), 
(390, 'dojouser4', 'plus2025', 39, '2025-01-06', 5), 
(391, 'dojouser6', 'se2025', 25, '2025-01-06', 2), 
(392, 'dojouser4', 'plus2025', 41, '2025-01-06', 2), 
(393, 'dojouser1', 'plus2025', 39, '2025-01-07', 5), 
(394, 'dojouser6', 'se2025', 29, '2025-01-08', 1), 
(395, 'dojouser5', 'se2025', 50, '2025-01-08', 2), 
(396, 'dojouser5', 'se2025', 30, '2025-01-09', 3), 
(397, 'dojouser1', 'plus2025', 39, '2025-01-10', 5), 
(398, 'hina0303', 'saku0718', 11, '2025-01-10', 3), 
(399, 'dojouser4', 'plus2025', 18, '2025-01-12', 1), 
(400, 'dojouser3', 'plus2025', 45, '2025-01-12', 4), 
(401, 'dojouser5', 'se2025', 23, '2025-01-13', 3), 
(402, 'dojouser3', 'plus2025', 31, '2025-01-14', 3), 
(403, 'hina0303', 'saku0718', 13, '2025-01-15', 2), 
(404, 'dojouser3', 'plus2025', 19, '2025-01-15', 2), 
(405, 'kenta0405', 'saku0718', 13, '2025-01-15', 2), 
(406, 'himari0105', 'sato0611', 1, '2025-01-16', 2), 
(407, 'dojouser5', 'se2025', 32, '2025-01-16', 2), 
(408, 'hina0303', 'saku0718', 12, '2025-01-16', 1), 
(409, 'kenta0405', 'saku0718', 11, '2025-01-17', 3), 
(410, 'dojouser5', 'se2025', 23, '2025-01-17', 3), 
(411, 'dojouser4', 'plus2025', 31, '2025-01-17', 3), 
(412, 'kenta0405', 'saku0718', 14, '2025-01-17', 3), 
(413, 'dojouser5', 'se2025', 23, '2025-01-18', 3), 
(414, 'dojouser2', 'plus2025', 39, '2025-01-18', 5), 
(415, 'dojouser4', 'plus2025', 37, '2025-01-19', 3), 
(416, 'kenta0405', 'saku0718', 10, '2025-01-20', 2), 
(417, 'kenta0405', 'saku0718', 10, '2025-01-20', 2), 
(418, 'dojouser3', 'plus2025', 47, '2025-01-20', 2), 
(419, 'dojouser2', 'plus2025', 17, '2025-01-21', 1), 
(420, 'hina0303', 'saku0718', 13, '2025-01-22', 2), 
(421, 'kenta0405', 'saku0718', 13, '2025-01-23', 2), 
(422, 'ren0712', 'sato0611', 5, '2025-01-23', 2), 
(423, 'dojouser6', 'se2025', 32, '2025-01-23', 2), 
(424, 'dojouser2', 'plus2025', 22, '2025-01-26', 4), 
(425, 'dojouser6', 'se2025', 46, '2025-01-27', 5), 
(426, 'dojouser4', 'plus2025', 37, '2025-01-28', 3), 
(427, 'himari0105', 'sato0611', 9, '2025-01-28', 1), 
(428, 'dojouser5', 'se2025', 30, '2025-01-30', 3), 
(429, 'hina0303', 'saku0718', 15, '2025-01-30', 4), 
(430, 'dojouser5', 'se2025', 34, '2025-01-30', 4), 
(431, 'dojouser4', 'plus2025', 17, '2025-01-30', 1), 
(432, 'hina0303', 'saku0718', 14, '2025-01-30', 3), 
(433, 'hina0303', 'saku0718', 15, '2025-01-30', 4), 
(434, 'dojouser4', 'plus2025', 17, '2025-01-31', 1), 
(435, 'dojouser1', 'plus2025', 45, '2025-01-31', 4), 
(436, 'hina0303', 'saku0718', 10, '2025-02-01', 2), 
(437, 'dojouser3', 'plus2025', 35, '2025-02-01', 3), 
(438, 'kenta0405', 'saku0718', 11, '2025-02-02', 3), 
(439, 'dojouser4', 'plus2025', 22, '2025-02-03', 4), 
(440, 'dojouser5', 'se2025', 44, '2025-02-03', 1), 
(441, 'dojouser1', 'plus2025', 19, '2025-02-04', 2), 
(442, 'himari0105', 'sato0611', 4, '2025-02-04', 4), 
(443, 'dojouser2', 'plus2025', 31, '2025-02-04', 3), 
(444, 'dojouser3', 'plus2025', 16, '2025-02-04', 2), 
(445, 'dojouser6', 'se2025', 42, '2025-02-04', 3), 
(446, 'hina0303', 'saku0718', 12, '2025-02-06', 1), 
(447, 'kenta0405', 'saku0718', 13, '2025-02-06', 2), 
(448, 'hina0303', 'saku0718', 13, '2025-02-06', 2), 
(449, 'dojouser4', 'plus2025', 43, '2025-02-07', 1), 
(450, 'dojouser5', 'se2025', 27, '2025-02-07', 2), 
(451, 'dojouser3', 'plus2025', 39, '2025-02-07', 5), 
(452, 'kenta0405', 'saku0718', 11, '2025-02-08', 3), 
(453, 'himari0105', 'sato0611', 6, '2025-02-08', 3), 
(454, 'dojouser4', 'plus2025', 18, '2025-02-08', 1), 
(455, 'dojouser4', 'plus2025', 35, '2025-02-09', 3), 
(456, 'hina0303', 'saku0718', 15, '2025-02-09', 4), 
(457, 'himari0105', 'sato0611', 3, '2025-02-10', 3), 
(458, 'kenta0405', 'saku0718', 11, '2025-02-10', 3), 
(459, 'dojouser5', 'se2025', 38, '2025-02-11', 4), 
(460, 'dojouser2', 'plus2025', 33, '2025-02-11', 2), 
(461, 'dojouser1', 'plus2025', 49, '2025-02-12', 3), 
(462, 'kenta0405', 'saku0718', 13, '2025-02-12', 2), 
(463, 'dojouser6', 'se2025', 46, '2025-02-13', 5), 
(464, 'dojouser2', 'plus2025', 39, '2025-02-13', 5), 
(465, 'hina0303', 'saku0718', 15, '2025-02-13', 4), 
(466, 'dojouser2', 'plus2025', 41, '2025-02-14', 2), 
(467, 'dojouser4', 'plus2025', 43, '2025-02-14', 1), 
(468, 'dojouser2', 'plus2025', 16, '2025-02-14', 2), 
(469, 'dojouser3', 'plus2025', 47, '2025-02-15', 2), 
(470, 'dojouser2', 'plus2025', 39, '2025-02-16', 5), 
(471, 'dojouser5', 'se2025', 30, '2025-02-17', 3), 
(472, 'hina0303', 'saku0718', 11, '2025-02-17', 3), 
(473, 'himari0105', 'sato0611', 7, '2025-02-18', 3), 
(474, 'himari0105', 'sato0611', 3, '2025-02-20', 3), 
(475, 'dojouser2', 'plus2025', 20, '2025-02-21', 3), 
(476, 'dojouser1', 'plus2025', 47, '2025-02-21', 2), 
(477, 'dojouser6', 'se2025', 48, '2025-02-21', 4), 
(478, 'dojouser6', 'se2025', 24, '2025-02-22', 3), 
(479, 'ren0712', 'sato0611', 1, '2025-02-23', 2), 
(480, 'dojouser3', 'plus2025', 20, '2025-02-23', 3), 
(481, 'himari0105', 'sato0611', 3, '2025-02-24', 3), 
(482, 'dojouser3', 'plus2025', 21, '2025-02-24', 2), 
(483, 'himari0105', 'sato0611', 5, '2025-02-25', 2), 
(484, 'dojouser6', 'se2025', 23, '2025-02-25', 3), 
(485, 'dojouser2', 'plus2025', 20, '2025-02-25', 3), 
(486, 'himari0105', 'sato0611', 3, '2025-02-27', 3), 
(487, 'dojouser1', 'plus2025', 49, '2025-02-27', 3), 
(488, 'dojouser4', 'plus2025', 33, '2025-02-27', 2), 
(489, 'dojouser2', 'plus2025', 33, '2025-02-28', 2), 
(490, 'dojouser4', 'plus2025', 19, '2025-02-28', 2), 
(491, 'dojouser5', 'se2025', 23, '2025-02-28', 3), 
(492, 'dojouser1', 'plus2025', 49, '2025-02-28', 3), 
(493, 'dojouser5', 'se2025', 32, '2025-02-28', 2), 
(494, 'dojouser2', 'plus2025', 22, '2025-03-01', 4), 
(495, 'dojouser2', 'plus2025', 47, '2025-03-01', 2), 
(496, 'dojouser5', 'se2025', 42, '2025-03-02', 3), 
(497, 'ren0712', 'sato0611', 7, '2025-03-02', 3), 
(498, 'dojouser2', 'plus2025', 41, '2025-03-02', 2), 
(499, 'hina0303', 'saku0718', 14, '2025-03-03', 3), 
(500, 'dojouser4', 'plus2025', 41, '2025-03-03', 2), 
(501, 'himari0105', 'sato0611', 3, '2025-03-03', 3), 
(502, 'hina0303', 'saku0718', 15, '2025-03-04', 4), 
(503, 'kenta0405', 'saku0718', 10, '2025-03-05', 2), 
(504, 'dojouser4', 'plus2025', 47, '2025-03-06', 2), 
(505, 'dojouser2', 'plus2025', 33, '2025-03-07', 2), 
(506, 'kenta0405', 'saku0718', 11, '2025-03-07', 3), 
(507, 'kenta0405', 'saku0718', 11, '2025-03-08', 3), 
(508, 'hina0303', 'saku0718', 15, '2025-03-10', 4), 
(509, 'kenta0405', 'saku0718', 10, '2025-03-11', 2), 
(510, 'dojouser4', 'plus2025', 21, '2025-03-11', 2), 
(511, 'himari0105', 'sato0611', 8, '2025-03-11', 2), 
(512, 'hina0303', 'saku0718', 11, '2025-03-11', 3), 
(513, 'dojouser4', 'plus2025', 37, '2025-03-11', 3), 
(514, 'ren0712', 'sato0611', 7, '2025-03-13', 3), 
(515, 'ren0712', 'sato0611', 5, '2025-03-14', 2), 
(516, 'dojouser4', 'plus2025', 16, '2025-03-15', 2), 
(517, 'kenta0405', 'saku0718', 15, '2025-03-16', 4), 
(518, 'dojouser3', 'plus2025', 37, '2025-03-16', 3), 
(519, 'dojouser4', 'plus2025', 37, '2025-03-17', 3), 
(520, 'hina0303', 'saku0718', 12, '2025-03-18', 1), 
(521, 'himari0105', 'sato0611', 1, '2025-03-19', 2), 
(522, 'kenta0405', 'saku0718', 12, '2025-03-20', 1), 
(523, 'ren0712', 'sato0611', 1, '2025-03-20', 2), 
(524, 'dojouser5', 'se2025', 25, '2025-03-20', 2), 
(525, 'dojouser5', 'se2025', 40, '2025-03-21', 3), 
(526, 'dojouser2', 'plus2025', 17, '2025-03-22', 1), 
(527, 'dojouser4', 'plus2025', 17, '2025-03-23', 1), 
(528, 'dojouser4', 'plus2025', 45, '2025-03-24', 4), 
(529, 'dojouser4', 'plus2025', 37, '2025-03-24', 3), 
(530, 'himari0105', 'sato0611', 8, '2025-03-25', 2), 
(531, 'kenta0405', 'saku0718', 14, '2025-03-25', 3), 
(532, 'dojouser5', 'se2025', 48, '2025-03-26', 4), 
(533, 'ren0712', 'sato0611', 4, '2025-03-26', 4), 
(534, 'dojouser3', 'plus2025', 43, '2025-03-26', 1), 
(535, 'ren0712', 'sato0611', 3, '2025-03-27', 3), 
(536, 'dojouser6', 'se2025', 26, '2025-03-27', 4), 
(537, 'dojouser4', 'plus2025', 47, '2025-03-27', 2), 
(538, 'dojouser3', 'plus2025', 39, '2025-03-28', 5), 
(539, 'dojouser2', 'plus2025', 43, '2025-03-28', 1), 
(540, 'dojouser4', 'plus2025', 49, '2025-03-30', 3), 
(541, 'himari0105', 'sato0611', 3, '2025-04-01', 3), 
(542, 'dojouser4', 'plus2025', 20, '2025-04-03', 3), 
(543, 'hina0303', 'saku0718', 15, '2025-04-03', 4), 
(544, 'dojouser5', 'se2025', 26, '2025-04-04', 4), 
(545, 'himari0105', 'sato0611', 5, '2025-04-04', 2), 
(546, 'dojouser3', 'plus2025', 19, '2025-04-04', 2), 
(547, 'dojouser3', 'plus2025', 49, '2025-04-04', 3), 
(548, 'dojouser3', 'plus2025', 35, '2025-04-05', 3), 
(549, 'ren0712', 'sato0611', 5, '2025-04-06', 2), 
(550, 'dojouser6', 'se2025', 23, '2025-04-06', 3), 
(551, 'dojouser5', 'se2025', 27, '2025-04-06', 2), 
(552, 'dojouser3', 'plus2025', 33, '2025-04-07', 2), 
(553, 'dojouser6', 'se2025', 34, '2025-04-09', 4), 
(554, 'dojouser4', 'plus2025', 19, '2025-04-09', 2), 
(555, 'kenta0405', 'saku0718', 11, '2025-04-10', 3), 
(556, 'ren0712', 'sato0611', 8, '2025-04-10', 2), 
(557, 'dojouser5', 'se2025', 24, '2025-04-10', 3), 
(558, 'hina0303', 'saku0718', 10, '2025-04-10', 2), 
(559, 'ren0712', 'sato0611', 4, '2025-04-10', 4), 
(560, 'dojouser4', 'plus2025', 39, '2025-04-10', 5), 
(561, 'dojouser4', 'plus2025', 19, '2025-04-11', 2), 
(562, 'dojouser3', 'plus2025', 22, '2025-04-11', 4), 
(563, 'dojouser3', 'plus2025', 19, '2025-04-11', 2), 
(564, 'dojouser5', 'se2025', 38, '2025-04-12', 4), 
(565, 'kenta0405', 'saku0718', 12, '2025-04-12', 1), 
(566, 'hina0303', 'saku0718', 15, '2025-04-13', 4), 
(567, 'kenta0405', 'saku0718', 10, '2025-04-14', 2), 
(568, 'hina0303', 'saku0718', 14, '2025-04-14', 3), 
(569, 'himari0105', 'sato0611', 3, '2025-04-14', 3), 
(570, 'kenta0405', 'saku0718', 13, '2025-04-15', 2), 
(571, 'dojouser2', 'plus2025', 35, '2025-04-15', 3), 
(572, 'kenta0405', 'saku0718', 13, '2025-04-16', 2), 
(573, 'dojouser5', 'se2025', 28, '2025-04-17', 2), 
(574, 'ren0712', 'sato0611', 2, '2025-04-17', 2), 
(575, 'dojouser2', 'plus2025', 17, '2025-04-17', 1), 
(576, 'dojouser5', 'se2025', 27, '2025-04-18', 2), 
(577, 'himari0105', 'sato0611', 5, '2025-04-18', 2), 
(578, 'dojouser5', 'se2025', 26, '2025-04-19', 4), 
(579, 'kenta0405', 'saku0718', 12, '2025-04-19', 1), 
(580, 'ren0712', 'sato0611', 6, '2025-04-19', 3), 
(581, 'kenta0405', 'saku0718', 11, '2025-04-20', 3), 
(582, 'kenta0405', 'saku0718', 14, '2025-04-20', 3), 
(583, 'dojouser3', 'plus2025', 19, '2025-04-21', 2), 
(584, 'himari0105', 'sato0611', 8, '2025-04-22', 2), 
(585, 'ren0712', 'sato0611', 6, '2025-04-22', 3), 
(586, 'himari0105', 'sato0611', 6, '2025-04-22', 3), 
(587, 'ren0712', 'sato0611', 3, '2025-04-23', 3), 
(588, 'dojouser2', 'plus2025', 35, '2025-04-23', 3), 
(589, 'ren0712', 'sato0611', 8, '2025-04-23', 2), 
(590, 'dojouser4', 'plus2025', 17, '2025-04-24', 1), 
(591, 'kenta0405', 'saku0718', 11, '2025-04-25', 3), 
(592, 'hina0303', 'saku0718', 15, '2025-04-26', 4), 
(593, 'himari0105', 'sato0611', 3, '2025-04-27', 3), 
(594, 'dojouser6', 'se2025', 46, '2025-04-28', 5), 
(595, 'himari0105', 'sato0611', 1, '2025-04-28', 2), 
(596, 'dojouser6', 'se2025', 40, '2025-04-28', 3), 
(597, 'dojouser1', 'plus2025', 37, '2025-04-28', 3), 
(598, 'dojouser2', 'plus2025', 22, '2025-04-30', 4), 
(599, 'kenta0405', 'saku0718', 12, '2025-05-02', 1), 
(600, 'ren0712', 'sato0611', 4, '2025-05-02', 4), 
(601, 'kenta0405', 'saku0718', 12, '2025-05-03', 1), 
(602, 'kenta0405', 'saku0718', 13, '2025-05-03', 2), 
(603, 'dojouser1', 'plus2025', 19, '2025-05-04', 2), 
(604, 'dojouser5', 'se2025', 30, '2025-05-05', 3), 
(605, 'dojouser4', 'plus2025', 47, '2025-05-07', 2), 
(606, 'himari0105', 'sato0611', 4, '2025-05-07', 4), 
(607, 'himari0105', 'sato0611', 6, '2025-05-07', 3), 
(608, 'dojouser6', 'se2025', 34, '2025-05-07', 4), 
(609, 'dojouser4', 'plus2025', 45, '2025-05-07', 4), 
(610, 'kenta0405', 'saku0718', 15, '2025-05-08', 4), 
(611, 'dojouser1', 'plus2025', 33, '2025-05-08', 2), 
(612, 'dojouser6', 'se2025', 26, '2025-05-09', 4), 
(613, 'dojouser5', 'se2025', 40, '2025-05-09', 3), 
(614, 'dojouser3', 'plus2025', 22, '2025-05-10', 4), 
(615, 'kenta0405', 'saku0718', 11, '2025-05-10', 3), 
(616, 'dojouser3', 'plus2025', 39, '2025-05-14', 5), 
(617, 'dojouser3', 'plus2025', 19, '2025-05-14', 2), 
(618, 'dojouser5', 'se2025', 32, '2025-05-15', 2), 
(619, 'dojouser4', 'plus2025', 18, '2025-05-15', 1), 
(620, 'kenta0405', 'saku0718', 13, '2025-05-16', 2), 
(621, 'dojouser6', 'se2025', 23, '2025-05-16', 3), 
(622, 'dojouser3', 'plus2025', 19, '2025-05-16', 2), 
(623, 'ren0712', 'sato0611', 8, '2025-05-17', 2), 
(624, 'hina0303', 'saku0718', 12, '2025-05-17', 1), 
(625, 'dojouser2', 'plus2025', 18, '2025-05-17', 1), 
(626, 'hina0303', 'saku0718', 12, '2025-05-18', 1), 
(627, 'himari0105', 'sato0611', 7, '2025-05-18', 3), 
(628, 'himari0105', 'sato0611', 1, '2025-05-20', 2), 
(629, 'dojouser2', 'plus2025', 21, '2025-05-20', 2), 
(630, 'dojouser2', 'plus2025', 39, '2025-05-20', 5), 
(631, 'kenta0405', 'saku0718', 11, '2025-05-21', 3), 
(632, 'kenta0405', 'saku0718', 15, '2025-05-22', 4), 
(633, 'dojouser1', 'plus2025', 41, '2025-05-22', 2), 
(634, 'kenta0405', 'saku0718', 14, '2025-05-22', 3), 
(635, 'dojouser1', 'plus2025', 47, '2025-05-23', 2), 
(636, 'dojouser2', 'plus2025', 49, '2025-05-23', 3), 
(637, 'hina0303', 'saku0718', 12, '2025-05-24', 1), 
(638, 'dojouser6', 'se2025', 38, '2025-05-25', 4), 
(639, 'dojouser2', 'plus2025', 17, '2025-05-25', 1), 
(640, 'dojouser6', 'se2025', 30, '2025-05-25', 3), 
(641, 'hina0303', 'saku0718', 10, '2025-05-25', 2), 
(642, 'dojouser2', 'plus2025', 33, '2025-05-25', 2), 
(643, 'dojouser6', 'se2025', 46, '2025-05-27', 5), 
(644, 'kenta0405', 'saku0718', 14, '2025-05-27', 3), 
(645, 'kenta0405', 'saku0718', 14, '2025-05-27', 3), 
(646, 'dojouser2', 'plus2025', 37, '2025-05-29', 3), 
(647, 'ren0712', 'sato0611', 4, '2025-05-29', 4), 
(648, 'dojouser2', 'plus2025', 49, '2025-05-30', 3), 
(649, 'himari0105', 'sato0611', 2, '2025-05-30', 2), 
(650, 'kenta0405', 'saku0718', 14, '2025-05-30', 3), 
(651, 'dojouser5', 'se2025', 32, '2025-05-31', 2), 
(652, 'dojouser3', 'plus2025', 33, '2025-05-31', 2), 
(653, 'dojouser1', 'plus2025', 33, '2025-06-02', 2), 
(654, 'dojouser3', 'plus2025', 18, '2025-06-02', 1), 
(655, 'kenta0405', 'saku0718', 10, '2025-06-02', 2), 
(656, 'himari0105', 'sato0611', 6, '2025-06-03', 3), 
(657, 'dojouser5', 'se2025', 30, '2025-06-03', 3), 
(658, 'hina0303', 'saku0718', 13, '2025-06-03', 2), 
(659, 'dojouser2', 'plus2025', 45, '2025-06-04', 4), 
(660, 'hina0303', 'saku0718', 15, '2025-06-04', 4), 
(661, 'ren0712', 'sato0611', 5, '2025-06-04', 2), 
(662, 'kenta0405', 'saku0718', 12, '2025-06-05', 1), 
(663, 'ren0712', 'sato0611', 2, '2025-06-05', 2), 
(664, 'dojouser4', 'plus2025', 16, '2025-06-05', 2), 
(665, 'dojouser1', 'plus2025', 39, '2025-06-06', 5), 
(666, 'dojouser1', 'plus2025', 17, '2025-06-07', 1), 
(667, 'hina0303', 'saku0718', 14, '2025-06-07', 3), 
(668, 'ren0712', 'sato0611', 6, '2025-06-08', 3), 
(669, 'kenta0405', 'saku0718', 15, '2025-06-08', 4), 
(670, 'ren0712', 'sato0611', 3, '2025-06-08', 3), 
(671, 'himari0105', 'sato0611', 8, '2025-06-09', 2), 
(672, 'dojouser1', 'plus2025', 16, '2025-06-09', 2), 
(673, 'kenta0405', 'saku0718', 10, '2025-06-10', 2), 
(674, 'dojouser4', 'plus2025', 49, '2025-06-11', 3), 
(675, 'dojouser5', 'se2025', 23, '2025-06-11', 3), 
(676, 'dojouser6', 'se2025', 23, '2025-06-12', 3), 
(677, 'dojouser3', 'plus2025', 37, '2025-06-12', 3), 
(678, 'dojouser5', 'se2025', 27, '2025-06-12', 2), 
(679, 'kenta0405', 'saku0718', 15, '2025-06-12', 4), 
(680, 'dojouser2', 'plus2025', 35, '2025-06-13', 3), 
(681, 'dojouser5', 'se2025', 34, '2025-06-14', 4), 
(682, 'ren0712', 'sato0611', 3, '2025-06-14', 3), 
(683, 'kenta0405', 'saku0718', 11, '2025-06-15', 3), 
(684, 'dojouser5', 'se2025', 32, '2025-06-15', 2), 
(685, 'ren0712', 'sato0611', 3, '2025-06-15', 3), 
(686, 'hina0303', 'saku0718', 12, '2025-06-17', 1), 
(687, 'dojouser2', 'plus2025', 22, '2025-06-17', 4), 
(688, 'dojouser4', 'plus2025', 41, '2025-06-17', 2), 
(689, 'hina0303', 'saku0718', 11, '2025-06-18', 3), 
(690, 'dojouser3', 'plus2025', 19, '2025-06-18', 2), 
(691, 'hina0303', 'saku0718', 10, '2025-06-29', 2), 
(692, 'dojouser1', 'plus2025', 19, '2025-06-29', 2), 
(693, 'dojouser5', 'se2025', 34, '2025-06-29', 4), 
(694, 'dojouser1', 'plus2025', 43, '2025-06-29', 1), 
(695, 'dojouser3', 'plus2025', 35, '2025-06-29', 3), 
(696, 'ren0712', 'sato0611', 9, '2025-06-29', 1), 
(697, 'kenta0405', 'saku0718', 12, '2025-06-29', 1), 
(698, 'himari0105', 'sato0611', 9, '2025-06-29', 1), 
(699, 'dojouser6', 'se2025', 27, '2025-06-29', 2), 
(700, 'dojouser5', 'se2025', 29, '2025-06-29', 1);


INSERT INTO today_housework (today_housework_id, housework_id, date) VALUES
(1, '1', '2025-06-30'), 
(2, '2', '2025-06-30'), 
(3, '3', '2025-06-30'), 
(4, '4', '2025-06-30'), 
(5, '8', '2025-06-30'), 
(6, '10', '2025-06-30'), 
(7, '11', '2025-06-30'), 
(8, '14', '2025-06-30'), 
(9, '17', '2025-06-30'), 
(10, '18', '2025-06-30'), 
(11, '22', '2025-06-30'), 
(12, '23', '2025-06-30'), 
(13, '24', '2025-06-30'), 
(14, '27', '2025-06-30');


INSERT INTO today_memo (memo_id, family_id, memo, date) VALUES
(1, 'sato0712', '買うもの：卵１パック、牛乳、牛肉２００グラムくらい', '2025-06-30'), 
(2, 'sato0713', '明日は電気代引き落とし', '2025-06-30'), 
(3, 'saku0718', '夜ごはん：カレー', '2025-06-30'), 
(4, 'saku0718', '洗濯は早めに行う', '2025-06-30'), 
(5, 'plus2025', '明日の朝からけんご出張', '2025-06-30'), 
(6, 'se2025', '明日の朝は30分早く起きる', '2025-06-30'), 
(7, 'plus2025', '買い物メモ：朝ごはん・卵・塩・たまねぎ', '2025-06-30'), 
(8, 'se2025', '14:00:ライブの当落発表', '2025-06-30');
